FL_DATE,OP_CARRIER_AIRLINE_ID,OP_CARRIER_FL_NUM,ORIGIN,ORIGIN_CITY_NAME,DEST,DEST_CITY_NAME,CRS_DEP_TIME,DEP_TIME,DEP_DELAY,TAXI_OUT,TAXI_IN,CRS_ARR_TIME,ARR_TIME,ARR_DELAY,CANCELLED,CANCELLATION_CODE,DIVERTED,CARRIER_DELAY,WEATHER_DELAY,NAS_DELAY,SECURITY_DELAY,LATE_AIRCRAFT_DELAY
4/1/2019 12:00:00 AM,19805,305,MIA,"Miami, FL",SEA,"Seattle, WA",1958,2026.0,28.0,20.0,8.0,2348,2354.0,6.0,0.0,,0.0,,,,,
4/1/2019 12:00:00 AM,19805,1471,SEA,"Seattle, WA",MIA,"Miami, FL",2105,2118.0,13.0,18.0,5.0,550,534.0,-16.0,0.0,,0.0,,,,,
4/2/2019 12:00:00 AM,19805,1471,SEA,"Seattle, WA",MIA,"Miami, FL",2104,2059.0,-5.0,14.0,6.0,550,527.0,-23.0,0.0,,0.0,,,,,
4/2/2019 12:00:00 AM,19805,305,MIA,"Miami, FL",SEA,"Seattle, WA",1958,2006.0,8.0,14.0,14.0,2347,2342.0,-5.0,0.0,,0.0,,,,,
4/3/2019 12:00:00 AM,19805,305,MIA,"Miami, FL",SEA,"Seattle, WA",1958,1955.0,-3.0,27.0,11.0,2347,2346.0,-1.0,0.0,,0.0,,,,,
4/3/2019 12:00:00 AM,19805,1471,SEA,"Seattle, WA",MIA,"Miami, FL",2104,2059.0,-5.0,20.0,6.0,550,540.0,-10.0,0.0,,0.0,,,,,
4/4/2019 12:00:00 AM,19805,1471,SEA,"Seattle, WA",MIA,"Miami, FL",2104,2101.0,-3.0,18.0,6.0,550,533.0,-17.0,0.0,,0.0,,,,,
4/4/2019 12:00:00 AM,19805,305,MIA,"Miami, FL",SEA,"Seattle, WA",1958,1956.0,-2.0,24.0,23.0,2347,2346.0,-1.0,0.0,,0.0,,,,,
4/5/2019 12:00:00 AM,19805,305,MIA,"Miami, FL",SEA,"Seattle, WA",1958,2005.0,7.0,27.0,7.0,2347,2328.0,-19.0,0.0,,0.0,,,,,
4/5/2019 12:00:00 AM,19805,1471,SEA,"Seattle, WA",MIA,"Miami, FL",2104,2101.0,-3.0,18.0,6.0,550,549.0,-1.0,0.0,,0.0,,,,,
4/6/2019 12:00:00 AM,19805,1471,SEA,"Seattle, WA",MIA,"Miami, FL",2104,2104.0,0.0,16.0,4.0,550,545.0,-5.0,0.0,,0.0,,,,,
4/6/2019 12:00:00 AM,19805,305,MIA,"Miami, FL",SEA,"Seattle, WA",1958,2015.0,17.0,18.0,7.0,2347,6.0,19.0,0.0,,0.0,17.0,0.0,2.0,0.0,0.0
4/7/2019 12:00:00 AM,19805,305,MIA,"Miami, FL",SEA,"Seattle, WA",1958,2116.0,78.0,12.0,10.0,2347,58.0,71.0,0.0,,0.0,30.0,0.0,0.0,0.0,41.0
4/7/2019 12:00:00 AM,19805,1471,SEA,"Seattle, WA",MIA,"Miami, FL",2104,2057.0,-7.0,15.0,6.0,550,526.0,-24.0,0.0,,0.0,,,,,
4/8/2019 12:00:00 AM,19805,1471,SEA,"Seattle, WA",MIA,"Miami, FL",2104,2103.0,-1.0,19.0,10.0,550,549.0,-1.0,0.0,,0.0,,,,,
4/8/2019 12:00:00 AM,19805,305,MIA,"Miami, FL",SEA,"Seattle, WA",1958,1955.0,-3.0,28.0,8.0,2347,2341.0,-6.0,0.0,,0.0,,,,,
4/9/2019 12:00:00 AM,19805,305,MIA,"Miami, FL",SEA,"Seattle, WA",1958,2000.0,2.0,31.0,12.0,2347,2346.0,-1.0,0.0,,0.0,,,,,
4/9/2019 12:00:00 AM,19805,1471,SEA,"Seattle, WA",MIA,"Miami, FL",2104,2101.0,-3.0,17.0,6.0,550,545.0,-5.0,0.0,,0.0,,,,,
4/10/2019 12:00:00 AM,19805,1471,SEA,"Seattle, WA",MIA,"Miami, FL",2104,2056.0,-8.0,17.0,10.0,550,539.0,-11.0,0.0,,0.0,,,,,
4/10/2019 12:00:00 AM,19805,305,MIA,"Miami, FL",SEA,"Seattle, WA",1958,2011.0,13.0,19.0,8.0,2347,2338.0,-9.0,0.0,,0.0,,,,,
4/11/2019 12:00:00 AM,19805,305,MIA,"Miami, FL",SEA,"Seattle, WA",1958,1950.0,-8.0,26.0,31.0,2347,2340.0,-7.0,0.0,,0.0,,,,,
4/11/2019 12:00:00 AM,19805,1471,SEA,"Seattle, WA",MIA,"Miami, FL",2104,2101.0,-3.0,15.0,7.0,550,537.0,-13.0,0.0,,0.0,,,,,
4/12/2019 12:00:00 AM,19805,1471,SEA,"Seattle, WA",MIA,"Miami, FL",2104,2053.0,-11.0,19.0,4.0,550,541.0,-9.0,0.0,,0.0,,,,,
4/12/2019 12:00:00 AM,19805,305,MIA,"Miami, FL",SEA,"Seattle, WA",1958,1955.0,-3.0,18.0,7.0,2347,2316.0,-31.0,0.0,,0.0,,,,,
4/13/2019 12:00:00 AM,19805,305,MIA,"Miami, FL",SEA,"Seattle, WA",1958,,,,,2347,,,1.0,A,0.0,,,,,
4/13/2019 12:00:00 AM,19805,1471,SEA,"Seattle, WA",MIA,"Miami, FL",2104,2056.0,-8.0,26.0,4.0,550,550.0,0.0,0.0,,0.0,,,,,
4/14/2019 12:00:00 AM,19805,1471,SEA,"Seattle, WA",MIA,"Miami, FL",2104,2210.0,66.0,34.0,7.0,550,641.0,51.0,0.0,,0.0,51.0,0.0,0.0,0.0,0.0
4/14/2019 12:00:00 AM,19805,305,MIA,"Miami, FL",SEA,"Seattle, WA",1958,2100.0,62.0,14.0,7.0,2347,52.0,65.0,0.0,,0.0,12.0,0.0,3.0,0.0,50.0
4/15/2019 12:00:00 AM,19805,305,MIA,"Miami, FL",SEA,"Seattle, WA",1958,2054.0,56.0,18.0,7.0,2347,7.0,20.0,0.0,,0.0,20.0,0.0,0.0,0.0,0.0
4/15/2019 12:00:00 AM,19805,1471,SEA,"Seattle, WA",MIA,"Miami, FL",2104,2059.0,-5.0,15.0,8.0,550,521.0,-29.0,0.0,,0.0,,,,,
4/16/2019 12:00:00 AM,19805,1471,SEA,"Seattle, WA",MIA,"Miami, FL",2104,2055.0,-9.0,16.0,6.0,550,528.0,-22.0,0.0,,0.0,,,,,
4/16/2019 12:00:00 AM,19805,305,MIA,"Miami, FL",SEA,"Seattle, WA",1958,1957.0,-1.0,19.0,5.0,2347,2322.0,-25.0,0.0,,0.0,,,,,
4/17/2019 12:00:00 AM,19805,305,MIA,"Miami, FL",SEA,"Seattle, WA",1958,2032.0,34.0,21.0,8.0,2347,11.0,24.0,0.0,,0.0,19.0,0.0,0.0,0.0,5.0
4/17/2019 12:00:00 AM,19805,1471,SEA,"Seattle, WA",MIA,"Miami, FL",2104,2102.0,-2.0,13.0,3.0,550,549.0,-1.0,0.0,,0.0,,,,,
4/18/2019 12:00:00 AM,19805,1471,SEA,"Seattle, WA",MIA,"Miami, FL",2104,2057.0,-7.0,16.0,9.0,550,540.0,-10.0,0.0,,0.0,,,,,
4/18/2019 12:00:00 AM,19805,305,MIA,"Miami, FL",SEA,"Seattle, WA",1958,1958.0,0.0,27.0,11.0,2347,2347.0,0.0,0.0,,0.0,,,,,
4/19/2019 12:00:00 AM,19805,305,MIA,"Miami, FL",SEA,"Seattle, WA",1958,,,,,2347,,,1.0,B,0.0,,,,,
4/19/2019 12:00:00 AM,19805,1471,SEA,"Seattle, WA",MIA,"Miami, FL",2104,,,,,550,,,1.0,B,0.0,,,,,
4/20/2019 12:00:00 AM,19805,1471,SEA,"Seattle, WA",MIA,"Miami, FL",2104,2100.0,-4.0,16.0,6.0,550,544.0,-6.0,0.0,,0.0,,,,,
4/20/2019 12:00:00 AM,19805,305,MIA,"Miami, FL",SEA,"Seattle, WA",1958,1957.0,-1.0,17.0,10.0,2347,2317.0,-30.0,0.0,,0.0,,,,,
4/21/2019 12:00:00 AM,19805,305,MIA,"Miami, FL",SEA,"Seattle, WA",1958,2000.0,2.0,16.0,20.0,2347,2333.0,-14.0,0.0,,0.0,,,,,
4/21/2019 12:00:00 AM,19805,1471,SEA,"Seattle, WA",MIA,"Miami, FL",2104,2058.0,-6.0,19.0,6.0,550,532.0,-18.0,0.0,,0.0,,,,,
4/22/2019 12:00:00 AM,19805,1471,SEA,"Seattle, WA",MIA,"Miami, FL",2104,2101.0,-3.0,16.0,6.0,550,527.0,-23.0,0.0,,0.0,,,,,
4/22/2019 12:00:00 AM,19805,305,MIA,"Miami, FL",SEA,"Seattle, WA",1958,2020.0,22.0,20.0,8.0,2347,2349.0,2.0,0.0,,0.0,,,,,
4/23/2019 12:00:00 AM,19805,305,MIA,"Miami, FL",SEA,"Seattle, WA",1958,1952.0,-6.0,19.0,9.0,2347,2321.0,-26.0,0.0,,0.0,,,,,
4/23/2019 12:00:00 AM,19805,1471,SEA,"Seattle, WA",MIA,"Miami, FL",2104,2054.0,-10.0,17.0,9.0,550,526.0,-24.0,0.0,,0.0,,,,,
4/24/2019 12:00:00 AM,19805,1471,SEA,"Seattle, WA",MIA,"Miami, FL",2104,2100.0,-4.0,14.0,8.0,550,527.0,-23.0,0.0,,0.0,,,,,
4/24/2019 12:00:00 AM,19805,305,MIA,"Miami, FL",SEA,"Seattle, WA",1958,2024.0,26.0,13.0,27.0,2347,12.0,25.0,0.0,,0.0,6.0,0.0,0.0,0.0,19.0
4/25/2019 12:00:00 AM,19805,305,MIA,"Miami, FL",SEA,"Seattle, WA",1958,1953.0,-5.0,17.0,10.0,2347,2332.0,-15.0,0.0,,0.0,,,,,
4/25/2019 12:00:00 AM,19805,1471,SEA,"Seattle, WA",MIA,"Miami, FL",2104,2100.0,-4.0,15.0,5.0,550,524.0,-26.0,0.0,,0.0,,,,,
4/26/2019 12:00:00 AM,19805,1471,SEA,"Seattle, WA",MIA,"Miami, FL",2104,2107.0,3.0,18.0,6.0,550,538.0,-12.0,0.0,,0.0,,,,,
4/26/2019 12:00:00 AM,19805,305,MIA,"Miami, FL",SEA,"Seattle, WA",1958,2006.0,8.0,16.0,9.0,2347,2342.0,-5.0,0.0,,0.0,,,,,
4/27/2019 12:00:00 AM,19805,305,MIA,"Miami, FL",SEA,"Seattle, WA",1958,2026.0,28.0,26.0,8.0,2347,20.0,33.0,0.0,,0.0,28.0,0.0,5.0,0.0,0.0
4/27/2019 12:00:00 AM,19805,1471,SEA,"Seattle, WA",MIA,"Miami, FL",2104,2059.0,-5.0,11.0,4.0,550,510.0,-40.0,0.0,,0.0,,,,,
4/28/2019 12:00:00 AM,19805,1471,SEA,"Seattle, WA",MIA,"Miami, FL",2104,2051.0,-13.0,18.0,7.0,550,516.0,-34.0,0.0,,0.0,,,,,
4/28/2019 12:00:00 AM,19805,305,MIA,"Miami, FL",SEA,"Seattle, WA",1958,2118.0,80.0,12.0,6.0,2347,38.0,51.0,0.0,,0.0,51.0,0.0,0.0,0.0,0.0
4/29/2019 12:00:00 AM,19805,305,MIA,"Miami, FL",SEA,"Seattle, WA",1958,2042.0,44.0,18.0,10.0,2347,1.0,14.0,0.0,,0.0,,,,,
4/29/2019 12:00:00 AM,19805,1471,SEA,"Seattle, WA",MIA,"Miami, FL",2104,2103.0,-1.0,13.0,4.0,550,549.0,-1.0,0.0,,0.0,,,,,
4/30/2019 12:00:00 AM,19805,1471,SEA,"Seattle, WA",MIA,"Miami, FL",2104,2058.0,-6.0,16.0,7.0,550,546.0,-4.0,0.0,,0.0,,,,,
4/30/2019 12:00:00 AM,19805,305,MIA,"Miami, FL",SEA,"Seattle, WA",1958,2104.0,66.0,15.0,8.0,2347,30.0,43.0,0.0,,0.0,43.0,0.0,0.0,0.0,0.0
8/1/2019 12:00:00 AM,19805,305,MIA,"Miami, FL",SEA,"Seattle, WA",2029,125.0,296.0,18.0,8.0,2355,430.0,275.0,0.0,,0.0,132.0,0.0,0.0,0.0,143.0
8/1/2019 12:00:00 AM,19805,1471,SEA,"Seattle, WA",MIA,"Miami, FL",2024,2045.0,21.0,11.0,7.0,517,512.0,-5.0,0.0,,0.0,,,,,
8/2/2019 12:00:00 AM,19805,1471,SEA,"Seattle, WA",MIA,"Miami, FL",2024,2122.0,58.0,30.0,7.0,517,605.0,48.0,0.0,,0.0,32.0,0.0,0.0,0.0,16.0
8/2/2019 12:00:00 AM,19805,305,MIA,"Miami, FL",SEA,"Seattle, WA",2029,2026.0,-3.0,16.0,43.0,2355,5.0,10.0,0.0,,0.0,,,,,
8/3/2019 12:00:00 AM,19805,305,MIA,"Miami, FL",SEA,"Seattle, WA",2029,2117.0,48.0,16.0,7.0,2355,17.0,22.0,0.0,,0.0,0.0,0.0,0.0,0.0,22.0
8/3/2019 12:00:00 AM,19805,1471,SEA,"Seattle, WA",MIA,"Miami, FL",2024,2042.0,18.0,12.0,6.0,517,510.0,-7.0,0.0,,0.0,,,,,
8/4/2019 12:00:00 AM,19805,1471,SEA,"Seattle, WA",MIA,"Miami, FL",2024,2021.0,-3.0,13.0,6.0,517,458.0,-19.0,0.0,,0.0,,,,,
8/4/2019 12:00:00 AM,19805,305,MIA,"Miami, FL",SEA,"Seattle, WA",2029,2028.0,-1.0,13.0,47.0,2355,8.0,13.0,0.0,,0.0,,,,,
8/5/2019 12:00:00 AM,19805,305,MIA,"Miami, FL",SEA,"Seattle, WA",2029,2024.0,-5.0,13.0,54.0,2355,13.0,18.0,0.0,,0.0,0.0,0.0,18.0,0.0,0.0
8/5/2019 12:00:00 AM,19805,1471,SEA,"Seattle, WA",MIA,"Miami, FL",2024,2020.0,-4.0,12.0,5.0,517,436.0,-41.0,0.0,,0.0,,,,,
8/6/2019 12:00:00 AM,19805,1471,SEA,"Seattle, WA",MIA,"Miami, FL",2024,2022.0,-2.0,25.0,8.0,517,452.0,-25.0,0.0,,0.0,,,,,
8/6/2019 12:00:00 AM,19805,305,MIA,"Miami, FL",SEA,"Seattle, WA",2029,2027.0,-2.0,26.0,9.0,2355,2345.0,-10.0,0.0,,0.0,,,,,
8/7/2019 12:00:00 AM,19805,305,MIA,"Miami, FL",SEA,"Seattle, WA",2029,2027.0,-2.0,19.0,40.0,2355,12.0,17.0,0.0,,0.0,0.0,0.0,17.0,0.0,0.0
8/7/2019 12:00:00 AM,19805,1471,SEA,"Seattle, WA",MIA,"Miami, FL",2024,2019.0,-5.0,15.0,4.0,517,501.0,-16.0,0.0,,0.0,,,,,
8/8/2019 12:00:00 AM,19805,1471,SEA,"Seattle, WA",MIA,"Miami, FL",2024,2021.0,-3.0,15.0,5.0,517,451.0,-26.0,0.0,,0.0,,,,,
8/8/2019 12:00:00 AM,19805,305,MIA,"Miami, FL",SEA,"Seattle, WA",2029,2047.0,18.0,15.0,17.0,2355,1.0,6.0,0.0,,0.0,,,,,
8/9/2019 12:00:00 AM,19805,305,MIA,"Miami, FL",SEA,"Seattle, WA",2029,2110.0,41.0,16.0,12.0,2355,15.0,20.0,0.0,,0.0,8.0,0.0,0.0,0.0,12.0
8/9/2019 12:00:00 AM,19805,1471,SEA,"Seattle, WA",MIA,"Miami, FL",2024,2018.0,-6.0,17.0,5.0,517,447.0,-30.0,0.0,,0.0,,,,,
8/10/2019 12:00:00 AM,19805,1471,SEA,"Seattle, WA",MIA,"Miami, FL",2024,2019.0,-5.0,15.0,12.0,517,524.0,7.0,0.0,,0.0,,,,,
8/10/2019 12:00:00 AM,19805,305,MIA,"Miami, FL",SEA,"Seattle, WA",2029,2025.0,-4.0,21.0,56.0,2355,7.0,12.0,0.0,,0.0,,,,,
8/11/2019 12:00:00 AM,19805,305,MIA,"Miami, FL",SEA,"Seattle, WA",2029,2123.0,54.0,11.0,9.0,2355,21.0,26.0,0.0,,0.0,12.0,0.0,0.0,0.0,14.0
8/11/2019 12:00:00 AM,19805,1471,SEA,"Seattle, WA",MIA,"Miami, FL",2024,2056.0,32.0,14.0,7.0,517,543.0,26.0,0.0,,0.0,0.0,0.0,0.0,0.0,26.0
8/12/2019 12:00:00 AM,19805,1471,SEA,"Seattle, WA",MIA,"Miami, FL",2024,2017.0,-7.0,16.0,6.0,517,516.0,-1.0,0.0,,0.0,,,,,
8/12/2019 12:00:00 AM,19805,305,MIA,"Miami, FL",SEA,"Seattle, WA",2029,2159.0,90.0,15.0,5.0,2355,53.0,58.0,0.0,,0.0,7.0,0.0,0.0,0.0,51.0
8/13/2019 12:00:00 AM,19805,305,MIA,"Miami, FL",SEA,"Seattle, WA",2029,2022.0,-7.0,19.0,10.0,2355,2340.0,-15.0,0.0,,0.0,,,,,
8/13/2019 12:00:00 AM,19805,1471,SEA,"Seattle, WA",MIA,"Miami, FL",2024,2018.0,-6.0,16.0,7.0,517,457.0,-20.0,0.0,,0.0,,,,,
8/14/2019 12:00:00 AM,19805,1471,SEA,"Seattle, WA",MIA,"Miami, FL",2024,2057.0,33.0,17.0,7.0,517,534.0,17.0,0.0,,0.0,5.0,0.0,0.0,0.0,12.0
8/14/2019 12:00:00 AM,19805,305,MIA,"Miami, FL",SEA,"Seattle, WA",2029,2027.0,-2.0,12.0,30.0,2355,1.0,6.0,0.0,,0.0,,,,,
8/15/2019 12:00:00 AM,19805,305,MIA,"Miami, FL",SEA,"Seattle, WA",2029,2158.0,89.0,17.0,21.0,2355,128.0,93.0,0.0,,0.0,17.0,0.0,4.0,0.0,72.0
8/15/2019 12:00:00 AM,19805,1471,SEA,"Seattle, WA",MIA,"Miami, FL",2024,2024.0,0.0,16.0,9.0,517,506.0,-11.0,0.0,,0.0,,,,,
8/16/2019 12:00:00 AM,19805,1471,SEA,"Seattle, WA",MIA,"Miami, FL",2024,2019.0,-5.0,17.0,8.0,517,455.0,-22.0,0.0,,0.0,,,,,
8/16/2019 12:00:00 AM,19805,305,MIA,"Miami, FL",SEA,"Seattle, WA",2029,2026.0,-3.0,14.0,10.0,2355,2345.0,-10.0,0.0,,0.0,,,,,
8/17/2019 12:00:00 AM,19805,305,MIA,"Miami, FL",SEA,"Seattle, WA",2029,2028.0,-1.0,20.0,9.0,2355,2355.0,0.0,0.0,,0.0,,,,,
8/17/2019 12:00:00 AM,19805,1471,SEA,"Seattle, WA",MIA,"Miami, FL",2024,2017.0,-7.0,21.0,3.0,517,438.0,-39.0,0.0,,0.0,,,,,
8/18/2019 12:00:00 AM,19805,1471,SEA,"Seattle, WA",MIA,"Miami, FL",2024,2040.0,16.0,17.0,5.0,517,507.0,-10.0,0.0,,0.0,,,,,
8/18/2019 12:00:00 AM,19805,305,MIA,"Miami, FL",SEA,"Seattle, WA",2029,2030.0,1.0,26.0,24.0,2355,12.0,17.0,0.0,,0.0,1.0,0.0,16.0,0.0,0.0
8/19/2019 12:00:00 AM,19805,305,MIA,"Miami, FL",SEA,"Seattle, WA",2029,2018.0,-11.0,15.0,46.0,2355,2.0,7.0,0.0,,0.0,,,,,
8/19/2019 12:00:00 AM,19805,1471,SEA,"Seattle, WA",MIA,"Miami, FL",2024,2014.0,-10.0,16.0,3.0,517,439.0,-38.0,0.0,,0.0,,,,,
8/20/2019 12:00:00 AM,19805,1471,SEA,"Seattle, WA",MIA,"Miami, FL",2030,2022.0,-8.0,21.0,4.0,523,507.0,-16.0,0.0,,0.0,,,,,
8/20/2019 12:00:00 AM,19805,305,MIA,"Miami, FL",SEA,"Seattle, WA",2034,2034.0,0.0,15.0,9.0,2358,2339.0,-19.0,0.0,,0.0,,,,,
8/21/2019 12:00:00 AM,19805,305,MIA,"Miami, FL",SEA,"Seattle, WA",2034,2036.0,2.0,18.0,11.0,2358,2345.0,-13.0,0.0,,0.0,,,,,
8/21/2019 12:00:00 AM,19805,1471,SEA,"Seattle, WA",MIA,"Miami, FL",2030,2031.0,1.0,17.0,5.0,523,506.0,-17.0,0.0,,0.0,,,,,
8/22/2019 12:00:00 AM,19805,1471,SEA,"Seattle, WA",MIA,"Miami, FL",2030,2024.0,-6.0,22.0,10.0,523,509.0,-14.0,0.0,,0.0,,,,,
8/22/2019 12:00:00 AM,19805,305,MIA,"Miami, FL",SEA,"Seattle, WA",2034,2035.0,1.0,20.0,7.0,2358,2351.0,-7.0,0.0,,0.0,,,,,
8/23/2019 12:00:00 AM,19805,305,MIA,"Miami, FL",SEA,"Seattle, WA",2034,2030.0,-4.0,14.0,12.0,2358,2400.0,2.0,0.0,,0.0,,,,,
8/23/2019 12:00:00 AM,19805,1471,SEA,"Seattle, WA",MIA,"Miami, FL",2030,2034.0,4.0,24.0,7.0,523,530.0,7.0,0.0,,0.0,,,,,
8/24/2019 12:00:00 AM,19805,1471,SEA,"Seattle, WA",MIA,"Miami, FL",2030,2020.0,-10.0,17.0,8.0,523,446.0,-37.0,0.0,,0.0,,,,,
8/24/2019 12:00:00 AM,19805,305,MIA,"Miami, FL",SEA,"Seattle, WA",2034,2030.0,-4.0,15.0,22.0,2358,2359.0,1.0,0.0,,0.0,,,,,
8/25/2019 12:00:00 AM,19805,305,MIA,"Miami, FL",SEA,"Seattle, WA",2034,2028.0,-6.0,22.0,27.0,2358,19.0,21.0,0.0,,0.0,0.0,0.0,21.0,0.0,0.0
8/25/2019 12:00:00 AM,19805,1471,SEA,"Seattle, WA",MIA,"Miami, FL",2030,2025.0,-5.0,16.0,5.0,523,449.0,-34.0,0.0,,0.0,,,,,
8/26/2019 12:00:00 AM,19805,1471,SEA,"Seattle, WA",MIA,"Miami, FL",2030,2028.0,-2.0,16.0,6.0,523,509.0,-14.0,0.0,,0.0,,,,,
8/26/2019 12:00:00 AM,19805,305,MIA,"Miami, FL",SEA,"Seattle, WA",2034,2055.0,21.0,13.0,14.0,2358,5.0,7.0,0.0,,0.0,,,,,
8/27/2019 12:00:00 AM,19805,305,MIA,"Miami, FL",SEA,"Seattle, WA",2034,2043.0,9.0,13.0,29.0,2358,7.0,9.0,0.0,,0.0,,,,,
8/27/2019 12:00:00 AM,19805,1471,SEA,"Seattle, WA",MIA,"Miami, FL",2030,2125.0,55.0,29.0,4.0,523,601.0,38.0,0.0,,0.0,9.0,0.0,0.0,0.0,29.0
8/28/2019 12:00:00 AM,19805,1471,SEA,"Seattle, WA",MIA,"Miami, FL",2030,2029.0,-1.0,16.0,3.0,523,452.0,-31.0,0.0,,0.0,,,,,
8/28/2019 12:00:00 AM,19805,305,MIA,"Miami, FL",SEA,"Seattle, WA",2034,2056.0,22.0,28.0,7.0,2358,11.0,13.0,0.0,,0.0,,,,,
8/29/2019 12:00:00 AM,19805,305,MIA,"Miami, FL",SEA,"Seattle, WA",2034,2049.0,15.0,15.0,21.0,2358,17.0,19.0,0.0,,0.0,15.0,0.0,4.0,0.0,0.0
8/29/2019 12:00:00 AM,19805,1471,SEA,"Seattle, WA",MIA,"Miami, FL",2030,2032.0,2.0,16.0,6.0,523,504.0,-19.0,0.0,,0.0,,,,,
8/30/2019 12:00:00 AM,19805,1471,SEA,"Seattle, WA",MIA,"Miami, FL",2030,2312.0,162.0,18.0,10.0,523,750.0,147.0,0.0,,0.0,106.0,0.0,0.0,0.0,41.0
8/30/2019 12:00:00 AM,19805,305,MIA,"Miami, FL",SEA,"Seattle, WA",2034,2035.0,1.0,20.0,38.0,2358,20.0,22.0,0.0,,0.0,1.0,0.0,21.0,0.0,0.0
8/31/2019 12:00:00 AM,19805,1471,SEA,"Seattle, WA",MIA,"Miami, FL",2030,2025.0,-5.0,17.0,4.0,523,453.0,-30.0,0.0,,0.0,,,,,
8/31/2019 12:00:00 AM,19805,305,MIA,"Miami, FL",SEA,"Seattle, WA",2034,2032.0,-2.0,33.0,14.0,2358,2.0,4.0,0.0,,0.0,,,,,
12/1/2019 12:00:00 AM,19805,1471,SEA,"Seattle, WA",MIA,"Miami, FL",2030,2027.0,-3.0,15.0,5.0,509,435.0,-34.0,0.0,,0.0,,,,,
12/1/2019 12:00:00 AM,19805,305,MIA,"Miami, FL",SEA,"Seattle, WA",1900,1857.0,-3.0,14.0,10.0,2243,2303.0,20.0,0.0,,0.0,0.0,0.0,20.0,0.0,0.0
12/2/2019 12:00:00 AM,19805,305,MIA,"Miami, FL",SEA,"Seattle, WA",1900,1900.0,0.0,24.0,12.0,2243,2301.0,18.0,0.0,,0.0,0.0,0.0,18.0,0.0,0.0
12/2/2019 12:00:00 AM,19805,1471,SEA,"Seattle, WA",MIA,"Miami, FL",2030,2032.0,2.0,21.0,7.0,509,447.0,-22.0,0.0,,0.0,,,,,
12/3/2019 12:00:00 AM,19805,1471,SEA,"Seattle, WA",MIA,"Miami, FL",2030,2030.0,0.0,15.0,7.0,509,448.0,-21.0,0.0,,0.0,,,,,
12/3/2019 12:00:00 AM,19805,305,MIA,"Miami, FL",SEA,"Seattle, WA",1900,1859.0,-1.0,21.0,8.0,2243,2255.0,12.0,0.0,,0.0,,,,,
12/4/2019 12:00:00 AM,19805,305,MIA,"Miami, FL",SEA,"Seattle, WA",1935,1933.0,-2.0,14.0,11.0,2324,2316.0,-8.0,0.0,,0.0,,,,,
12/4/2019 12:00:00 AM,19805,1471,SEA,"Seattle, WA",MIA,"Miami, FL",2030,2027.0,-3.0,19.0,4.0,508,448.0,-20.0,0.0,,0.0,,,,,
12/5/2019 12:00:00 AM,19805,1471,SEA,"Seattle, WA",MIA,"Miami, FL",2030,2027.0,-3.0,19.0,8.0,508,453.0,-15.0,0.0,,0.0,,,,,
12/5/2019 12:00:00 AM,19805,305,MIA,"Miami, FL",SEA,"Seattle, WA",1935,2059.0,84.0,11.0,9.0,2324,21.0,57.0,0.0,,0.0,57.0,0.0,0.0,0.0,0.0
12/6/2019 12:00:00 AM,19805,305,MIA,"Miami, FL",SEA,"Seattle, WA",1935,2003.0,28.0,16.0,8.0,2324,2347.0,23.0,0.0,,0.0,21.0,0.0,0.0,0.0,2.0
12/6/2019 12:00:00 AM,19805,1471,SEA,"Seattle, WA",MIA,"Miami, FL",2030,2025.0,-5.0,19.0,3.0,508,443.0,-25.0,0.0,,0.0,,,,,
12/7/2019 12:00:00 AM,19805,1471,SEA,"Seattle, WA",MIA,"Miami, FL",2030,2049.0,19.0,16.0,3.0,508,503.0,-5.0,0.0,,0.0,,,,,
12/7/2019 12:00:00 AM,19805,305,MIA,"Miami, FL",SEA,"Seattle, WA",1935,1934.0,-1.0,17.0,9.0,2324,2308.0,-16.0,0.0,,0.0,,,,,
12/8/2019 12:00:00 AM,19805,305,MIA,"Miami, FL",SEA,"Seattle, WA",1935,1932.0,-3.0,17.0,10.0,2324,2313.0,-11.0,0.0,,0.0,,,,,
12/8/2019 12:00:00 AM,19805,1471,SEA,"Seattle, WA",MIA,"Miami, FL",2030,2057.0,27.0,17.0,4.0,508,512.0,4.0,0.0,,0.0,,,,,
12/9/2019 12:00:00 AM,19805,1471,SEA,"Seattle, WA",MIA,"Miami, FL",2030,2020.0,-10.0,12.0,5.0,508,436.0,-32.0,0.0,,0.0,,,,,
12/9/2019 12:00:00 AM,19805,305,MIA,"Miami, FL",SEA,"Seattle, WA",1935,1941.0,6.0,25.0,12.0,2324,2325.0,1.0,0.0,,0.0,,,,,
12/10/2019 12:00:00 AM,19805,305,MIA,"Miami, FL",SEA,"Seattle, WA",1935,2208.0,153.0,20.0,5.0,2324,139.0,135.0,0.0,,0.0,135.0,0.0,0.0,0.0,0.0
12/10/2019 12:00:00 AM,19805,1471,SEA,"Seattle, WA",MIA,"Miami, FL",2030,2029.0,-1.0,15.0,5.0,508,445.0,-23.0,0.0,,0.0,,,,,
12/11/2019 12:00:00 AM,19805,1471,SEA,"Seattle, WA",MIA,"Miami, FL",2030,2026.0,-4.0,18.0,4.0,508,444.0,-24.0,0.0,,0.0,,,,,
12/11/2019 12:00:00 AM,19805,305,MIA,"Miami, FL",SEA,"Seattle, WA",1935,1935.0,0.0,38.0,11.0,2324,2342.0,18.0,0.0,,0.0,0.0,0.0,18.0,0.0,0.0
12/12/2019 12:00:00 AM,19805,305,MIA,"Miami, FL",SEA,"Seattle, WA",1935,1931.0,-4.0,28.0,12.0,2324,2332.0,8.0,0.0,,0.0,,,,,
12/12/2019 12:00:00 AM,19805,1471,SEA,"Seattle, WA",MIA,"Miami, FL",2030,2024.0,-6.0,17.0,4.0,508,440.0,-28.0,0.0,,0.0,,,,,
12/13/2019 12:00:00 AM,19805,1471,SEA,"Seattle, WA",MIA,"Miami, FL",2030,2047.0,17.0,17.0,6.0,508,521.0,13.0,0.0,,0.0,,,,,
12/13/2019 12:00:00 AM,19805,305,MIA,"Miami, FL",SEA,"Seattle, WA",1935,2003.0,28.0,25.0,6.0,2324,2348.0,24.0,0.0,,0.0,24.0,0.0,0.0,0.0,0.0
12/14/2019 12:00:00 AM,19805,305,MIA,"Miami, FL",SEA,"Seattle, WA",1935,1929.0,-6.0,9.0,6.0,2324,2313.0,-11.0,0.0,,0.0,,,,,
12/14/2019 12:00:00 AM,19805,1471,SEA,"Seattle, WA",MIA,"Miami, FL",2030,2025.0,-5.0,16.0,10.0,508,443.0,-25.0,0.0,,0.0,,,,,
12/15/2019 12:00:00 AM,19805,1471,SEA,"Seattle, WA",MIA,"Miami, FL",2030,2032.0,2.0,14.0,6.0,508,454.0,-14.0,0.0,,0.0,,,,,
12/15/2019 12:00:00 AM,19805,305,MIA,"Miami, FL",SEA,"Seattle, WA",1935,1930.0,-5.0,19.0,10.0,2324,2313.0,-11.0,0.0,,0.0,,,,,
12/16/2019 12:00:00 AM,19805,305,MIA,"Miami, FL",SEA,"Seattle, WA",1935,1932.0,-3.0,19.0,9.0,2324,19.0,,0.0,,1.0,,,,,
12/16/2019 12:00:00 AM,19805,1471,SEA,"Seattle, WA",MIA,"Miami, FL",2030,2025.0,-5.0,16.0,4.0,508,450.0,-18.0,0.0,,0.0,,,,,
12/17/2019 12:00:00 AM,19805,1471,SEA,"Seattle, WA",MIA,"Miami, FL",2030,2028.0,-2.0,24.0,6.0,508,521.0,13.0,0.0,,0.0,,,,,
12/17/2019 12:00:00 AM,19805,305,MIA,"Miami, FL",SEA,"Seattle, WA",1935,1929.0,-6.0,16.0,9.0,2324,2308.0,-16.0,0.0,,0.0,,,,,
12/18/2019 12:00:00 AM,19805,689,MIA,"Miami, FL",SEA,"Seattle, WA",1932,2141.0,129.0,18.0,29.0,2327,126.0,119.0,0.0,,0.0,119.0,0.0,0.0,0.0,0.0
12/18/2019 12:00:00 AM,19805,690,SEA,"Seattle, WA",MIA,"Miami, FL",2252,116.0,144.0,11.0,7.0,734,955.0,141.0,0.0,,0.0,13.0,0.0,0.0,0.0,128.0
12/18/2019 12:00:00 AM,19805,305,MIA,"Miami, FL",SEA,"Seattle, WA",2035,2032.0,-3.0,18.0,22.0,30,13.0,-17.0,0.0,,0.0,,,,,
12/18/2019 12:00:00 AM,19805,1471,SEA,"Seattle, WA",MIA,"Miami, FL",2030,2024.0,-6.0,26.0,18.0,509,525.0,16.0,0.0,,0.0,0.0,0.0,16.0,0.0,0.0
12/19/2019 12:00:00 AM,19805,1471,SEA,"Seattle, WA",MIA,"Miami, FL",2030,2032.0,2.0,29.0,5.0,509,505.0,-4.0,0.0,,0.0,,,,,
12/19/2019 12:00:00 AM,19805,689,MIA,"Miami, FL",SEA,"Seattle, WA",1932,2026.0,54.0,28.0,10.0,2327,8.0,41.0,0.0,,0.0,41.0,0.0,0.0,0.0,0.0
12/19/2019 12:00:00 AM,19805,690,SEA,"Seattle, WA",MIA,"Miami, FL",2252,2302.0,10.0,29.0,8.0,734,736.0,2.0,0.0,,0.0,,,,,
12/19/2019 12:00:00 AM,19805,305,MIA,"Miami, FL",SEA,"Seattle, WA",2032,2046.0,14.0,29.0,16.0,27,42.0,15.0,0.0,,0.0,14.0,0.0,1.0,0.0,0.0
12/20/2019 12:00:00 AM,19805,689,MIA,"Miami, FL",SEA,"Seattle, WA",1932,1940.0,8.0,17.0,23.0,2327,2341.0,14.0,0.0,,0.0,,,,,
12/20/2019 12:00:00 AM,19805,690,SEA,"Seattle, WA",MIA,"Miami, FL",2252,10.0,78.0,22.0,8.0,734,842.0,68.0,0.0,,0.0,10.0,0.0,0.0,0.0,58.0
12/20/2019 12:00:00 AM,19805,305,MIA,"Miami, FL",SEA,"Seattle, WA",2032,2052.0,20.0,22.0,36.0,27,101.0,34.0,0.0,,0.0,0.0,0.0,14.0,0.0,20.0
12/20/2019 12:00:00 AM,19805,1471,SEA,"Seattle, WA",MIA,"Miami, FL",2030,2027.0,-3.0,38.0,4.0,509,517.0,8.0,0.0,,0.0,,,,,
12/21/2019 12:00:00 AM,19805,1471,SEA,"Seattle, WA",MIA,"Miami, FL",2030,114.0,284.0,15.0,7.0,509,1006.0,297.0,0.0,,0.0,28.0,0.0,13.0,0.0,256.0
12/21/2019 12:00:00 AM,19805,689,MIA,"Miami, FL",SEA,"Seattle, WA",1932,1949.0,17.0,20.0,10.0,2327,2313.0,-14.0,0.0,,0.0,,,,,
12/21/2019 12:00:00 AM,19805,690,SEA,"Seattle, WA",MIA,"Miami, FL",2252,2251.0,-1.0,14.0,6.0,734,737.0,3.0,0.0,,0.0,,,,,
12/21/2019 12:00:00 AM,19805,305,MIA,"Miami, FL",SEA,"Seattle, WA",2035,2033.0,-2.0,12.0,11.0,30,2356.0,-34.0,0.0,,0.0,,,,,
12/22/2019 12:00:00 AM,19805,689,MIA,"Miami, FL",SEA,"Seattle, WA",1932,1929.0,-3.0,12.0,17.0,2327,2254.0,-33.0,0.0,,0.0,,,,,
12/22/2019 12:00:00 AM,19805,690,SEA,"Seattle, WA",MIA,"Miami, FL",2252,2359.0,67.0,14.0,13.0,734,838.0,64.0,0.0,,0.0,7.0,0.0,0.0,0.0,57.0
12/22/2019 12:00:00 AM,19805,305,MIA,"Miami, FL",SEA,"Seattle, WA",2032,2028.0,-4.0,16.0,10.0,27,2345.0,-42.0,0.0,,0.0,,,,,
12/22/2019 12:00:00 AM,19805,1471,SEA,"Seattle, WA",MIA,"Miami, FL",2030,2030.0,0.0,22.0,12.0,509,522.0,13.0,0.0,,0.0,,,,,
12/23/2019 12:00:00 AM,19805,1471,SEA,"Seattle, WA",MIA,"Miami, FL",2030,2026.0,-4.0,18.0,7.0,509,504.0,-5.0,0.0,,0.0,,,,,
12/23/2019 12:00:00 AM,19805,689,MIA,"Miami, FL",SEA,"Seattle, WA",1932,1927.0,-5.0,17.0,11.0,2327,2252.0,-35.0,0.0,,0.0,,,,,
12/23/2019 12:00:00 AM,19805,690,SEA,"Seattle, WA",MIA,"Miami, FL",2252,2251.0,-1.0,19.0,8.0,734,730.0,-4.0,0.0,,0.0,,,,,
12/23/2019 12:00:00 AM,19805,305,MIA,"Miami, FL",SEA,"Seattle, WA",2032,2040.0,8.0,28.0,9.0,27,16.0,-11.0,0.0,,0.0,,,,,
12/24/2019 12:00:00 AM,19805,689,MIA,"Miami, FL",SEA,"Seattle, WA",1932,1929.0,-3.0,22.0,11.0,2327,2241.0,-46.0,0.0,,0.0,,,,,
12/24/2019 12:00:00 AM,19805,690,SEA,"Seattle, WA",MIA,"Miami, FL",2252,2249.0,-3.0,15.0,8.0,734,734.0,0.0,0.0,,0.0,,,,,
12/24/2019 12:00:00 AM,19805,305,MIA,"Miami, FL",SEA,"Seattle, WA",2032,2038.0,6.0,15.0,11.0,27,2346.0,-41.0,0.0,,0.0,,,,,
12/24/2019 12:00:00 AM,19805,1471,SEA,"Seattle, WA",MIA,"Miami, FL",2030,2025.0,-5.0,20.0,4.0,509,502.0,-7.0,0.0,,0.0,,,,,
12/25/2019 12:00:00 AM,19805,1471,SEA,"Seattle, WA",MIA,"Miami, FL",2030,2023.0,-7.0,14.0,5.0,509,458.0,-11.0,0.0,,0.0,,,,,
12/25/2019 12:00:00 AM,19805,689,MIA,"Miami, FL",SEA,"Seattle, WA",1932,1927.0,-5.0,22.0,25.0,2327,2253.0,-34.0,0.0,,0.0,,,,,
12/25/2019 12:00:00 AM,19805,690,SEA,"Seattle, WA",MIA,"Miami, FL",2252,2246.0,-6.0,21.0,4.0,734,731.0,-3.0,0.0,,0.0,,,,,
12/25/2019 12:00:00 AM,19805,305,MIA,"Miami, FL",SEA,"Seattle, WA",2032,2030.0,-2.0,15.0,11.0,27,2337.0,-50.0,0.0,,0.0,,,,,
12/26/2019 12:00:00 AM,19805,689,MIA,"Miami, FL",SEA,"Seattle, WA",1932,2231.0,179.0,15.0,10.0,2327,138.0,131.0,0.0,,0.0,112.0,0.0,0.0,0.0,19.0
12/26/2019 12:00:00 AM,19805,690,SEA,"Seattle, WA",MIA,"Miami, FL",2252,2304.0,12.0,13.0,11.0,734,743.0,9.0,0.0,,0.0,,,,,
12/26/2019 12:00:00 AM,19805,305,MIA,"Miami, FL",SEA,"Seattle, WA",2032,2032.0,0.0,24.0,12.0,27,2357.0,-30.0,0.0,,0.0,,,,,
12/26/2019 12:00:00 AM,19805,1471,SEA,"Seattle, WA",MIA,"Miami, FL",2030,2156.0,86.0,24.0,4.0,509,640.0,91.0,0.0,,0.0,10.0,0.0,5.0,0.0,76.0
12/27/2019 12:00:00 AM,19805,1471,SEA,"Seattle, WA",MIA,"Miami, FL",2030,2026.0,-4.0,14.0,7.0,509,508.0,-1.0,0.0,,0.0,,,,,
12/27/2019 12:00:00 AM,19805,689,MIA,"Miami, FL",SEA,"Seattle, WA",1932,1928.0,-4.0,19.0,11.0,2327,2303.0,-24.0,0.0,,0.0,,,,,
12/27/2019 12:00:00 AM,19805,690,SEA,"Seattle, WA",MIA,"Miami, FL",2252,2252.0,0.0,21.0,8.0,734,738.0,4.0,0.0,,0.0,,,,,
12/27/2019 12:00:00 AM,19805,305,MIA,"Miami, FL",SEA,"Seattle, WA",2032,2030.0,-2.0,21.0,12.0,27,2353.0,-34.0,0.0,,0.0,,,,,
12/28/2019 12:00:00 AM,19805,689,MIA,"Miami, FL",SEA,"Seattle, WA",1932,2106.0,94.0,17.0,12.0,2327,13.0,46.0,0.0,,0.0,20.0,0.0,0.0,0.0,26.0
12/28/2019 12:00:00 AM,19805,690,SEA,"Seattle, WA",MIA,"Miami, FL",2252,2323.0,31.0,20.0,4.0,734,803.0,29.0,0.0,,0.0,8.0,0.0,0.0,0.0,21.0
12/28/2019 12:00:00 AM,19805,305,MIA,"Miami, FL",SEA,"Seattle, WA",2035,2042.0,7.0,17.0,10.0,30,7.0,-23.0,0.0,,0.0,,,,,
12/28/2019 12:00:00 AM,19805,1471,SEA,"Seattle, WA",MIA,"Miami, FL",2030,2036.0,6.0,21.0,6.0,509,524.0,15.0,0.0,,0.0,4.0,0.0,9.0,0.0,2.0
12/29/2019 12:00:00 AM,19805,1471,SEA,"Seattle, WA",MIA,"Miami, FL",2030,2027.0,-3.0,14.0,9.0,509,452.0,-17.0,0.0,,0.0,,,,,
12/29/2019 12:00:00 AM,19805,689,MIA,"Miami, FL",SEA,"Seattle, WA",1932,1927.0,-5.0,17.0,12.0,2327,2238.0,-49.0,0.0,,0.0,,,,,
12/29/2019 12:00:00 AM,19805,690,SEA,"Seattle, WA",MIA,"Miami, FL",2252,2250.0,-2.0,14.0,4.0,734,713.0,-21.0,0.0,,0.0,,,,,
12/29/2019 12:00:00 AM,19805,305,MIA,"Miami, FL",SEA,"Seattle, WA",2032,2046.0,14.0,19.0,15.0,27,17.0,-10.0,0.0,,0.0,,,,,
12/30/2019 12:00:00 AM,19805,689,MIA,"Miami, FL",SEA,"Seattle, WA",1932,1936.0,4.0,12.0,8.0,2327,2259.0,-28.0,0.0,,0.0,,,,,
12/30/2019 12:00:00 AM,19805,690,SEA,"Seattle, WA",MIA,"Miami, FL",2252,2319.0,27.0,16.0,8.0,734,743.0,9.0,0.0,,0.0,,,,,
12/30/2019 12:00:00 AM,19805,305,MIA,"Miami, FL",SEA,"Seattle, WA",2032,2030.0,-2.0,16.0,10.0,27,2355.0,-32.0,0.0,,0.0,,,,,
12/30/2019 12:00:00 AM,19805,1471,SEA,"Seattle, WA",MIA,"Miami, FL",2030,2034.0,4.0,14.0,6.0,509,859.0,,0.0,,1.0,,,,,
12/31/2019 12:00:00 AM,19805,1471,SEA,"Seattle, WA",MIA,"Miami, FL",2030,728.0,658.0,29.0,9.0,509,1553.0,644.0,0.0,,0.0,641.0,0.0,0.0,0.0,3.0
12/31/2019 12:00:00 AM,19805,689,MIA,"Miami, FL",SEA,"Seattle, WA",1932,1932.0,0.0,14.0,8.0,2327,2316.0,-11.0,0.0,,0.0,,,,,
12/31/2019 12:00:00 AM,19805,690,SEA,"Seattle, WA",MIA,"Miami, FL",2252,2251.0,-1.0,14.0,7.0,734,706.0,-28.0,0.0,,0.0,,,,,
12/31/2019 12:00:00 AM,19805,305,MIA,"Miami, FL",SEA,"Seattle, WA",2032,2035.0,3.0,18.0,10.0,27,38.0,11.0,0.0,,0.0,,,,,
2/1/2019 12:00:00 AM,19805,305,MIA,"Miami, FL",SEA,"Seattle, WA",1958,2017.0,19.0,19.0,11.0,6,2340.0,-26.0,0.0,,0.0,,,,,
2/1/2019 12:00:00 AM,19805,1471,SEA,"Seattle, WA",MIA,"Miami, FL",2122,2117.0,-5.0,17.0,3.0,600,550.0,-10.0,0.0,,0.0,,,,,
2/2/2019 12:00:00 AM,19805,1471,SEA,"Seattle, WA",MIA,"Miami, FL",2122,2116.0,-6.0,19.0,4.0,600,551.0,-9.0,0.0,,0.0,,,,,
2/2/2019 12:00:00 AM,19805,305,MIA,"Miami, FL",SEA,"Seattle, WA",1958,1955.0,-3.0,33.0,11.0,6,2351.0,-15.0,0.0,,0.0,,,,,
2/3/2019 12:00:00 AM,19805,305,MIA,"Miami, FL",SEA,"Seattle, WA",1958,1954.0,-4.0,54.0,9.0,6,2359.0,-7.0,0.0,,0.0,,,,,
2/3/2019 12:00:00 AM,19805,1471,SEA,"Seattle, WA",MIA,"Miami, FL",2122,2115.0,-7.0,15.0,7.0,600,547.0,-13.0,0.0,,0.0,,,,,
2/4/2019 12:00:00 AM,19805,1471,SEA,"Seattle, WA",MIA,"Miami, FL",2122,2126.0,4.0,23.0,4.0,600,608.0,8.0,0.0,,0.0,,,,,
2/4/2019 12:00:00 AM,19805,305,MIA,"Miami, FL",SEA,"Seattle, WA",1958,2005.0,7.0,18.0,12.0,6,2335.0,-31.0,0.0,,0.0,,,,,
2/5/2019 12:00:00 AM,19805,305,MIA,"Miami, FL",SEA,"Seattle, WA",1958,1952.0,-6.0,15.0,11.0,6,2332.0,-34.0,0.0,,0.0,,,,,
2/5/2019 12:00:00 AM,19805,1471,SEA,"Seattle, WA",MIA,"Miami, FL",2122,2135.0,13.0,16.0,4.0,600,606.0,6.0,0.0,,0.0,,,,,
2/6/2019 12:00:00 AM,19805,1471,SEA,"Seattle, WA",MIA,"Miami, FL",2122,2119.0,-3.0,23.0,4.0,600,615.0,15.0,0.0,,0.0,0.0,0.0,15.0,0.0,0.0
2/6/2019 12:00:00 AM,19805,305,MIA,"Miami, FL",SEA,"Seattle, WA",1958,1958.0,0.0,26.0,9.0,6,2357.0,-9.0,0.0,,0.0,,,,,
2/7/2019 12:00:00 AM,19805,305,MIA,"Miami, FL",SEA,"Seattle, WA",1958,1952.0,-6.0,28.0,15.0,6,2400.0,-6.0,0.0,,0.0,,,,,
2/7/2019 12:00:00 AM,19805,1471,SEA,"Seattle, WA",MIA,"Miami, FL",2122,2118.0,-4.0,16.0,3.0,600,539.0,-21.0,0.0,,0.0,,,,,
2/8/2019 12:00:00 AM,19805,1471,SEA,"Seattle, WA",MIA,"Miami, FL",2122,2125.0,3.0,,,600,,,1.0,B,0.0,,,,,
2/8/2019 12:00:00 AM,19805,305,MIA,"Miami, FL",SEA,"Seattle, WA",1958,2019.0,21.0,18.0,28.0,6,2001.0,,0.0,,1.0,,,,,
2/9/2019 12:00:00 AM,19805,305,MIA,"Miami, FL",SEA,"Seattle, WA",1958,,,,,6,,,1.0,B,0.0,,,,,
2/9/2019 12:00:00 AM,19805,1471,SEA,"Seattle, WA",MIA,"Miami, FL",2122,2122.0,0.0,23.0,6.0,600,604.0,4.0,0.0,,0.0,,,,,
2/10/2019 12:00:00 AM,19805,1471,SEA,"Seattle, WA",MIA,"Miami, FL",2122,2328.0,126.0,54.0,5.0,600,846.0,166.0,0.0,,0.0,0.0,1.0,40.0,0.0,125.0
2/10/2019 12:00:00 AM,19805,305,MIA,"Miami, FL",SEA,"Seattle, WA",1958,2002.0,4.0,41.0,27.0,6,13.0,7.0,0.0,,0.0,,,,,
2/11/2019 12:00:00 AM,19805,305,MIA,"Miami, FL",SEA,"Seattle, WA",1958,,,,,6,,,1.0,B,0.0,,,,,
2/11/2019 12:00:00 AM,19805,1471,SEA,"Seattle, WA",MIA,"Miami, FL",2122,,,,,600,,,1.0,B,0.0,,,,,
2/12/2019 12:00:00 AM,19805,1471,SEA,"Seattle, WA",MIA,"Miami, FL",2122,2122.0,0.0,20.0,8.0,600,543.0,-17.0,0.0,,0.0,,,,,
2/12/2019 12:00:00 AM,19805,305,MIA,"Miami, FL",SEA,"Seattle, WA",1958,2107.0,69.0,27.0,6.0,6,118.0,72.0,0.0,,0.0,11.0,0.0,3.0,0.0,58.0
2/13/2019 12:00:00 AM,19805,305,MIA,"Miami, FL",SEA,"Seattle, WA",1958,2025.0,27.0,14.0,10.0,6,15.0,9.0,0.0,,0.0,,,,,
2/13/2019 12:00:00 AM,19805,1471,SEA,"Seattle, WA",MIA,"Miami, FL",2122,2118.0,-4.0,29.0,7.0,600,607.0,7.0,0.0,,0.0,,,,,
2/14/2019 12:00:00 AM,19805,1471,SEA,"Seattle, WA",MIA,"Miami, FL",2112,2109.0,-3.0,19.0,7.0,550,538.0,-12.0,0.0,,0.0,,,,,
2/14/2019 12:00:00 AM,19805,305,MIA,"Miami, FL",SEA,"Seattle, WA",1958,1956.0,-2.0,24.0,10.0,6,2358.0,-8.0,0.0,,0.0,,,,,
2/15/2019 12:00:00 AM,19805,305,MIA,"Miami, FL",SEA,"Seattle, WA",1958,2011.0,13.0,22.0,11.0,6,16.0,10.0,0.0,,0.0,,,,,
2/15/2019 12:00:00 AM,19805,1471,SEA,"Seattle, WA",MIA,"Miami, FL",2112,2111.0,-1.0,25.0,5.0,550,537.0,-13.0,0.0,,0.0,,,,,
2/16/2019 12:00:00 AM,19805,1471,SEA,"Seattle, WA",MIA,"Miami, FL",2112,2110.0,-2.0,18.0,5.0,550,538.0,-12.0,0.0,,0.0,,,,,
2/16/2019 12:00:00 AM,19805,305,MIA,"Miami, FL",SEA,"Seattle, WA",1958,1954.0,-4.0,12.0,25.0,6,2351.0,-15.0,0.0,,0.0,,,,,
2/17/2019 12:00:00 AM,19805,305,MIA,"Miami, FL",SEA,"Seattle, WA",1958,2013.0,15.0,40.0,7.0,6,16.0,10.0,0.0,,0.0,,,,,
2/17/2019 12:00:00 AM,19805,1471,SEA,"Seattle, WA",MIA,"Miami, FL",2112,2107.0,-5.0,15.0,7.0,550,541.0,-9.0,0.0,,0.0,,,,,
2/18/2019 12:00:00 AM,19805,1471,SEA,"Seattle, WA",MIA,"Miami, FL",2112,2109.0,-3.0,16.0,3.0,550,542.0,-8.0,0.0,,0.0,,,,,
2/18/2019 12:00:00 AM,19805,305,MIA,"Miami, FL",SEA,"Seattle, WA",1958,1958.0,0.0,29.0,11.0,6,2339.0,-27.0,0.0,,0.0,,,,,
2/19/2019 12:00:00 AM,19805,305,MIA,"Miami, FL",SEA,"Seattle, WA",1958,2016.0,18.0,18.0,13.0,6,2340.0,-26.0,0.0,,0.0,,,,,
2/19/2019 12:00:00 AM,19805,1471,SEA,"Seattle, WA",MIA,"Miami, FL",2112,2110.0,-2.0,13.0,5.0,550,545.0,-5.0,0.0,,0.0,,,,,
2/20/2019 12:00:00 AM,19805,1471,SEA,"Seattle, WA",MIA,"Miami, FL",2112,2110.0,-2.0,12.0,4.0,550,559.0,9.0,0.0,,0.0,,,,,
2/20/2019 12:00:00 AM,19805,305,MIA,"Miami, FL",SEA,"Seattle, WA",1958,2019.0,21.0,22.0,11.0,6,2351.0,-15.0,0.0,,0.0,,,,,
2/21/2019 12:00:00 AM,19805,305,MIA,"Miami, FL",SEA,"Seattle, WA",1958,2002.0,4.0,19.0,13.0,6,2335.0,-31.0,0.0,,0.0,,,,,
2/21/2019 12:00:00 AM,19805,1471,SEA,"Seattle, WA",MIA,"Miami, FL",2112,2138.0,26.0,18.0,4.0,550,620.0,30.0,0.0,,0.0,17.0,0.0,4.0,0.0,9.0
2/22/2019 12:00:00 AM,19805,1471,SEA,"Seattle, WA",MIA,"Miami, FL",2112,2111.0,-1.0,19.0,5.0,550,547.0,-3.0,0.0,,0.0,,,,,
2/22/2019 12:00:00 AM,19805,305,MIA,"Miami, FL",SEA,"Seattle, WA",1958,1954.0,-4.0,47.0,13.0,6,2348.0,-18.0,0.0,,0.0,,,,,
2/23/2019 12:00:00 AM,19805,305,MIA,"Miami, FL",SEA,"Seattle, WA",1958,2001.0,3.0,12.0,7.0,6,11.0,5.0,0.0,,0.0,,,,,
2/23/2019 12:00:00 AM,19805,1471,SEA,"Seattle, WA",MIA,"Miami, FL",2112,2107.0,-5.0,14.0,5.0,550,528.0,-22.0,0.0,,0.0,,,,,
2/24/2019 12:00:00 AM,19805,1471,SEA,"Seattle, WA",MIA,"Miami, FL",2112,2108.0,-4.0,14.0,6.0,550,516.0,-34.0,0.0,,0.0,,,,,
2/24/2019 12:00:00 AM,19805,305,MIA,"Miami, FL",SEA,"Seattle, WA",1958,2002.0,4.0,19.0,9.0,6,2347.0,-19.0,0.0,,0.0,,,,,
2/25/2019 12:00:00 AM,19805,305,MIA,"Miami, FL",SEA,"Seattle, WA",1958,2015.0,17.0,18.0,8.0,6,2400.0,-6.0,0.0,,0.0,,,,,
2/25/2019 12:00:00 AM,19805,1471,SEA,"Seattle, WA",MIA,"Miami, FL",2112,2107.0,-5.0,20.0,5.0,550,530.0,-20.0,0.0,,0.0,,,,,
2/26/2019 12:00:00 AM,19805,1471,SEA,"Seattle, WA",MIA,"Miami, FL",2112,2103.0,-9.0,14.0,13.0,550,533.0,-17.0,0.0,,0.0,,,,,
2/26/2019 12:00:00 AM,19805,305,MIA,"Miami, FL",SEA,"Seattle, WA",1958,2100.0,62.0,19.0,7.0,6,27.0,21.0,0.0,,0.0,7.0,0.0,0.0,0.0,14.0
2/27/2019 12:00:00 AM,19805,305,MIA,"Miami, FL",SEA,"Seattle, WA",1958,2049.0,51.0,23.0,6.0,6,27.0,21.0,0.0,,0.0,21.0,0.0,0.0,0.0,0.0
2/27/2019 12:00:00 AM,19805,1471,SEA,"Seattle, WA",MIA,"Miami, FL",2112,2109.0,-3.0,18.0,6.0,550,545.0,-5.0,0.0,,0.0,,,,,
2/28/2019 12:00:00 AM,19805,305,MIA,"Miami, FL",SEA,"Seattle, WA",1958,2006.0,8.0,23.0,12.0,6,2341.0,-25.0,0.0,,0.0,,,,,
2/28/2019 12:00:00 AM,19805,1471,SEA,"Seattle, WA",MIA,"Miami, FL",2112,2141.0,29.0,30.0,5.0,550,612.0,22.0,0.0,,0.0,22.0,0.0,0.0,0.0,0.0
1/1/2019 12:00:00 AM,19805,305,MIA,"Miami, FL",SEA,"Seattle, WA",1955,2001.0,6.0,35.0,9.0,2347,2341.0,-6.0,0.0,,0.0,,,,,
1/1/2019 12:00:00 AM,19805,1471,SEA,"Seattle, WA",MIA,"Miami, FL",2126,2127.0,1.0,19.0,3.0,600,600.0,0.0,0.0,,0.0,,,,,
1/1/2019 12:00:00 AM,19805,2312,MIA,"Miami, FL",SEA,"Seattle, WA",700,654.0,-6.0,12.0,29.0,1049,1037.0,-12.0,0.0,,0.0,,,,,
1/1/2019 12:00:00 AM,19805,2312,SEA,"Seattle, WA",MIA,"Miami, FL",1156,1203.0,7.0,19.0,8.0,2043,2045.0,2.0,0.0,,0.0,,,,,
1/2/2019 12:00:00 AM,19805,2312,MIA,"Miami, FL",SEA,"Seattle, WA",700,659.0,-1.0,25.0,12.0,1049,1050.0,1.0,0.0,,0.0,,,,,
1/2/2019 12:00:00 AM,19805,2312,SEA,"Seattle, WA",MIA,"Miami, FL",1156,1149.0,-7.0,18.0,11.0,2043,2034.0,-9.0,0.0,,0.0,,,,,
1/2/2019 12:00:00 AM,19805,305,MIA,"Miami, FL",SEA,"Seattle, WA",1952,2028.0,36.0,36.0,22.0,2344,17.0,33.0,0.0,,0.0,32.0,0.0,0.0,0.0,1.0
1/2/2019 12:00:00 AM,19805,1471,SEA,"Seattle, WA",MIA,"Miami, FL",2126,2123.0,-3.0,22.0,4.0,600,557.0,-3.0,0.0,,0.0,,,,,
1/3/2019 12:00:00 AM,19805,305,MIA,"Miami, FL",SEA,"Seattle, WA",1952,2008.0,16.0,22.0,10.0,2344,2329.0,-15.0,0.0,,0.0,,,,,
1/3/2019 12:00:00 AM,19805,1471,SEA,"Seattle, WA",MIA,"Miami, FL",2126,2125.0,-1.0,21.0,6.0,600,602.0,2.0,0.0,,0.0,,,,,
1/3/2019 12:00:00 AM,19805,2312,MIA,"Miami, FL",SEA,"Seattle, WA",700,657.0,-3.0,21.0,15.0,1049,1051.0,2.0,0.0,,0.0,,,,,
1/3/2019 12:00:00 AM,19805,2312,SEA,"Seattle, WA",MIA,"Miami, FL",1156,1155.0,-1.0,25.0,7.0,2043,2052.0,9.0,0.0,,0.0,,,,,
1/4/2019 12:00:00 AM,19805,2312,MIA,"Miami, FL",SEA,"Seattle, WA",700,656.0,-4.0,13.0,21.0,1049,1044.0,-5.0,0.0,,0.0,,,,,
1/4/2019 12:00:00 AM,19805,2312,SEA,"Seattle, WA",MIA,"Miami, FL",1156,1150.0,-6.0,20.0,24.0,2043,2050.0,7.0,0.0,,0.0,,,,,
1/4/2019 12:00:00 AM,19805,305,MIA,"Miami, FL",SEA,"Seattle, WA",1952,2151.0,119.0,25.0,12.0,2344,130.0,106.0,0.0,,0.0,37.0,0.0,0.0,0.0,69.0
1/4/2019 12:00:00 AM,19805,1471,SEA,"Seattle, WA",MIA,"Miami, FL",2126,2126.0,0.0,14.0,11.0,600,603.0,3.0,0.0,,0.0,,,,,
1/5/2019 12:00:00 AM,19805,305,MIA,"Miami, FL",SEA,"Seattle, WA",1952,1949.0,-3.0,39.0,33.0,2344,6.0,22.0,0.0,,0.0,0.0,0.0,22.0,0.0,0.0
1/5/2019 12:00:00 AM,19805,1471,SEA,"Seattle, WA",MIA,"Miami, FL",2126,2126.0,0.0,13.0,4.0,600,538.0,-22.0,0.0,,0.0,,,,,
1/5/2019 12:00:00 AM,19805,2312,MIA,"Miami, FL",SEA,"Seattle, WA",700,659.0,-1.0,16.0,14.0,1049,1033.0,-16.0,0.0,,0.0,,,,,
1/5/2019 12:00:00 AM,19805,2312,SEA,"Seattle, WA",MIA,"Miami, FL",1156,1151.0,-5.0,30.0,9.0,2043,2026.0,-17.0,0.0,,0.0,,,,,
1/6/2019 12:00:00 AM,19805,305,MIA,"Miami, FL",SEA,"Seattle, WA",1958,1958.0,0.0,19.0,9.0,6,2316.0,-50.0,0.0,,0.0,,,,,
1/6/2019 12:00:00 AM,19805,1471,SEA,"Seattle, WA",MIA,"Miami, FL",2122,2123.0,1.0,20.0,8.0,600,554.0,-6.0,0.0,,0.0,,,,,
1/7/2019 12:00:00 AM,19805,305,MIA,"Miami, FL",SEA,"Seattle, WA",1958,1958.0,0.0,31.0,9.0,6,2357.0,-9.0,0.0,,0.0,,,,,
1/7/2019 12:00:00 AM,19805,1471,SEA,"Seattle, WA",MIA,"Miami, FL",2122,2112.0,-10.0,20.0,5.0,600,519.0,-41.0,0.0,,0.0,,,,,
1/8/2019 12:00:00 AM,19805,305,MIA,"Miami, FL",SEA,"Seattle, WA",1958,2041.0,43.0,28.0,20.0,6,34.0,28.0,0.0,,0.0,28.0,0.0,0.0,0.0,0.0
1/8/2019 12:00:00 AM,19805,1471,SEA,"Seattle, WA",MIA,"Miami, FL",2122,2114.0,-8.0,18.0,3.0,600,534.0,-26.0,0.0,,0.0,,,,,
1/9/2019 12:00:00 AM,19805,305,MIA,"Miami, FL",SEA,"Seattle, WA",1958,1954.0,-4.0,27.0,8.0,6,239.0,,0.0,,1.0,,,,,
1/9/2019 12:00:00 AM,19805,1471,SEA,"Seattle, WA",MIA,"Miami, FL",2122,2113.0,-9.0,16.0,8.0,600,539.0,-21.0,0.0,,0.0,,,,,
1/10/2019 12:00:00 AM,19805,305,MIA,"Miami, FL",SEA,"Seattle, WA",1958,1957.0,-1.0,29.0,11.0,6,2344.0,-22.0,0.0,,0.0,,,,,
1/10/2019 12:00:00 AM,19805,1471,SEA,"Seattle, WA",MIA,"Miami, FL",2122,2207.0,45.0,20.0,8.0,600,635.0,35.0,0.0,,0.0,35.0,0.0,0.0,0.0,0.0
1/11/2019 12:00:00 AM,19805,305,MIA,"Miami, FL",SEA,"Seattle, WA",1958,2012.0,14.0,25.0,14.0,6,2333.0,-33.0,0.0,,0.0,,,,,
1/11/2019 12:00:00 AM,19805,1471,SEA,"Seattle, WA",MIA,"Miami, FL",2122,2115.0,-7.0,16.0,4.0,600,545.0,-15.0,0.0,,0.0,,,,,
1/12/2019 12:00:00 AM,19805,305,MIA,"Miami, FL",SEA,"Seattle, WA",1958,1959.0,1.0,35.0,9.0,6,2350.0,-16.0,0.0,,0.0,,,,,
1/12/2019 12:00:00 AM,19805,1471,SEA,"Seattle, WA",MIA,"Miami, FL",2122,2121.0,-1.0,13.0,4.0,600,545.0,-15.0,0.0,,0.0,,,,,
1/13/2019 12:00:00 AM,19805,305,MIA,"Miami, FL",SEA,"Seattle, WA",1958,1957.0,-1.0,21.0,9.0,6,2323.0,-43.0,0.0,,0.0,,,,,
1/13/2019 12:00:00 AM,19805,1471,SEA,"Seattle, WA",MIA,"Miami, FL",2122,2113.0,-9.0,16.0,6.0,600,547.0,-13.0,0.0,,0.0,,,,,
1/14/2019 12:00:00 AM,19805,305,MIA,"Miami, FL",SEA,"Seattle, WA",1958,1956.0,-2.0,43.0,21.0,6,12.0,6.0,0.0,,0.0,,,,,
1/14/2019 12:00:00 AM,19805,1471,SEA,"Seattle, WA",MIA,"Miami, FL",2122,2118.0,-4.0,17.0,7.0,600,553.0,-7.0,0.0,,0.0,,,,,
1/15/2019 12:00:00 AM,19805,305,MIA,"Miami, FL",SEA,"Seattle, WA",1958,1953.0,-5.0,23.0,11.0,6,2340.0,-26.0,0.0,,0.0,,,,,
1/15/2019 12:00:00 AM,19805,1471,SEA,"Seattle, WA",MIA,"Miami, FL",2122,2120.0,-2.0,15.0,8.0,600,545.0,-15.0,0.0,,0.0,,,,,
1/16/2019 12:00:00 AM,19805,305,MIA,"Miami, FL",SEA,"Seattle, WA",1958,1959.0,1.0,20.0,10.0,6,2347.0,-19.0,0.0,,0.0,,,,,
1/16/2019 12:00:00 AM,19805,1471,SEA,"Seattle, WA",MIA,"Miami, FL",2122,2122.0,0.0,13.0,8.0,600,552.0,-8.0,0.0,,0.0,,,,,
1/17/2019 12:00:00 AM,19805,305,MIA,"Miami, FL",SEA,"Seattle, WA",1958,2007.0,9.0,23.0,9.0,6,2354.0,-12.0,0.0,,0.0,,,,,
1/17/2019 12:00:00 AM,19805,1471,SEA,"Seattle, WA",MIA,"Miami, FL",2122,2122.0,0.0,16.0,6.0,600,548.0,-12.0,0.0,,0.0,,,,,
1/18/2019 12:00:00 AM,19805,305,MIA,"Miami, FL",SEA,"Seattle, WA",1958,1953.0,-5.0,21.0,10.0,6,12.0,6.0,0.0,,0.0,,,,,
1/18/2019 12:00:00 AM,19805,1471,SEA,"Seattle, WA",MIA,"Miami, FL",2122,2121.0,-1.0,13.0,3.0,600,542.0,-18.0,0.0,,0.0,,,,,
1/19/2019 12:00:00 AM,19805,305,MIA,"Miami, FL",SEA,"Seattle, WA",1958,1957.0,-1.0,19.0,8.0,6,2351.0,-15.0,0.0,,0.0,,,,,
1/19/2019 12:00:00 AM,19805,1471,SEA,"Seattle, WA",MIA,"Miami, FL",2122,2120.0,-2.0,14.0,6.0,600,541.0,-19.0,0.0,,0.0,,,,,
1/20/2019 12:00:00 AM,19805,305,MIA,"Miami, FL",SEA,"Seattle, WA",1958,2041.0,43.0,21.0,10.0,6,30.0,24.0,0.0,,0.0,24.0,0.0,0.0,0.0,0.0
1/20/2019 12:00:00 AM,19805,1471,SEA,"Seattle, WA",MIA,"Miami, FL",2122,2118.0,-4.0,24.0,5.0,600,531.0,-29.0,0.0,,0.0,,,,,
1/21/2019 12:00:00 AM,19805,305,MIA,"Miami, FL",SEA,"Seattle, WA",1958,2106.0,68.0,12.0,8.0,6,31.0,25.0,0.0,,0.0,0.0,0.0,0.0,0.0,25.0
1/21/2019 12:00:00 AM,19805,1471,SEA,"Seattle, WA",MIA,"Miami, FL",2122,2117.0,-5.0,17.0,5.0,600,547.0,-13.0,0.0,,0.0,,,,,
1/22/2019 12:00:00 AM,19805,305,MIA,"Miami, FL",SEA,"Seattle, WA",1958,2001.0,3.0,22.0,10.0,6,2339.0,-27.0,0.0,,0.0,,,,,
1/22/2019 12:00:00 AM,19805,1471,SEA,"Seattle, WA",MIA,"Miami, FL",2122,2122.0,0.0,23.0,4.0,600,604.0,4.0,0.0,,0.0,,,,,
1/23/2019 12:00:00 AM,19805,305,MIA,"Miami, FL",SEA,"Seattle, WA",1958,1956.0,-2.0,21.0,9.0,6,2331.0,-35.0,0.0,,0.0,,,,,
1/23/2019 12:00:00 AM,19805,1471,SEA,"Seattle, WA",MIA,"Miami, FL",2122,2122.0,0.0,17.0,6.0,600,623.0,23.0,0.0,,0.0,0.0,0.0,23.0,0.0,0.0
1/24/2019 12:00:00 AM,19805,305,MIA,"Miami, FL",SEA,"Seattle, WA",1958,1953.0,-5.0,38.0,17.0,6,2352.0,-14.0,0.0,,0.0,,,,,
1/24/2019 12:00:00 AM,19805,1471,SEA,"Seattle, WA",MIA,"Miami, FL",2122,2127.0,5.0,12.0,3.0,600,544.0,-16.0,0.0,,0.0,,,,,
1/25/2019 12:00:00 AM,19805,305,MIA,"Miami, FL",SEA,"Seattle, WA",1958,2004.0,6.0,30.0,9.0,6,5.0,-1.0,0.0,,0.0,,,,,
1/25/2019 12:00:00 AM,19805,1471,SEA,"Seattle, WA",MIA,"Miami, FL",2122,2119.0,-3.0,19.0,6.0,600,557.0,-3.0,0.0,,0.0,,,,,
1/26/2019 12:00:00 AM,19805,305,MIA,"Miami, FL",SEA,"Seattle, WA",1958,1955.0,-3.0,27.0,10.0,6,2349.0,-17.0,0.0,,0.0,,,,,
1/26/2019 12:00:00 AM,19805,1471,SEA,"Seattle, WA",MIA,"Miami, FL",2122,2115.0,-7.0,17.0,10.0,600,546.0,-14.0,0.0,,0.0,,,,,
1/27/2019 12:00:00 AM,19805,305,MIA,"Miami, FL",SEA,"Seattle, WA",1958,2051.0,53.0,41.0,15.0,6,106.0,60.0,0.0,,0.0,53.0,0.0,7.0,0.0,0.0
1/27/2019 12:00:00 AM,19805,1471,SEA,"Seattle, WA",MIA,"Miami, FL",2122,2112.0,-10.0,16.0,6.0,600,534.0,-26.0,0.0,,0.0,,,,,
1/28/2019 12:00:00 AM,19805,305,MIA,"Miami, FL",SEA,"Seattle, WA",1958,824.0,746.0,10.0,14.0,6,1216.0,730.0,0.0,,0.0,658.0,0.0,0.0,0.0,72.0
1/28/2019 12:00:00 AM,19805,1471,SEA,"Seattle, WA",MIA,"Miami, FL",2122,2115.0,-7.0,14.0,9.0,600,530.0,-30.0,0.0,,0.0,,,,,
1/29/2019 12:00:00 AM,19805,305,MIA,"Miami, FL",SEA,"Seattle, WA",1958,1955.0,-3.0,17.0,7.0,6,2355.0,-11.0,0.0,,0.0,,,,,
1/29/2019 12:00:00 AM,19805,1471,SEA,"Seattle, WA",MIA,"Miami, FL",2122,2119.0,-3.0,21.0,4.0,600,551.0,-9.0,0.0,,0.0,,,,,
1/30/2019 12:00:00 AM,19805,305,MIA,"Miami, FL",SEA,"Seattle, WA",1958,1957.0,-1.0,14.0,10.0,6,2327.0,-39.0,0.0,,0.0,,,,,
1/30/2019 12:00:00 AM,19805,1471,SEA,"Seattle, WA",MIA,"Miami, FL",2122,2119.0,-3.0,20.0,3.0,600,545.0,-15.0,0.0,,0.0,,,,,
1/31/2019 12:00:00 AM,19805,305,MIA,"Miami, FL",SEA,"Seattle, WA",1958,1952.0,-6.0,21.0,9.0,6,2328.0,-38.0,0.0,,0.0,,,,,
1/31/2019 12:00:00 AM,19805,1471,SEA,"Seattle, WA",MIA,"Miami, FL",2122,2211.0,49.0,18.0,9.0,600,651.0,51.0,0.0,,0.0,10.0,0.0,2.0,0.0,39.0
7/1/2019 12:00:00 AM,19805,305,MIA,"Miami, FL",SEA,"Seattle, WA",2034,2056.0,22.0,23.0,11.0,2359,3.0,4.0,0.0,,0.0,,,,,
7/1/2019 12:00:00 AM,19805,1471,SEA,"Seattle, WA",MIA,"Miami, FL",2030,2025.0,-5.0,15.0,6.0,522,502.0,-20.0,0.0,,0.0,,,,,
7/2/2019 12:00:00 AM,19805,305,MIA,"Miami, FL",SEA,"Seattle, WA",2034,2050.0,16.0,16.0,9.0,2359,2400.0,1.0,0.0,,0.0,,,,,
7/2/2019 12:00:00 AM,19805,1471,SEA,"Seattle, WA",MIA,"Miami, FL",2030,2027.0,-3.0,17.0,5.0,522,507.0,-15.0,0.0,,0.0,,,,,
7/3/2019 12:00:00 AM,19805,305,MIA,"Miami, FL",SEA,"Seattle, WA",2034,2056.0,22.0,17.0,21.0,2359,7.0,8.0,0.0,,0.0,,,,,
7/3/2019 12:00:00 AM,19805,1471,SEA,"Seattle, WA",MIA,"Miami, FL",2030,2039.0,9.0,14.0,8.0,522,522.0,0.0,0.0,,0.0,,,,,
7/4/2019 12:00:00 AM,19805,305,MIA,"Miami, FL",SEA,"Seattle, WA",2034,2031.0,-3.0,22.0,36.0,2359,15.0,16.0,0.0,,0.0,0.0,0.0,16.0,0.0,0.0
7/4/2019 12:00:00 AM,19805,1471,SEA,"Seattle, WA",MIA,"Miami, FL",2030,2026.0,-4.0,15.0,7.0,522,507.0,-15.0,0.0,,0.0,,,,,
7/5/2019 12:00:00 AM,19805,305,MIA,"Miami, FL",SEA,"Seattle, WA",2034,2040.0,6.0,16.0,8.0,2359,3.0,4.0,0.0,,0.0,,,,,
7/5/2019 12:00:00 AM,19805,1471,SEA,"Seattle, WA",MIA,"Miami, FL",2030,2021.0,-9.0,43.0,6.0,522,550.0,28.0,0.0,,0.0,0.0,0.0,28.0,0.0,0.0
7/6/2019 12:00:00 AM,19805,305,MIA,"Miami, FL",SEA,"Seattle, WA",2109,2105.0,-4.0,11.0,19.0,29,10.0,-19.0,0.0,,0.0,,,,,
7/6/2019 12:00:00 AM,19805,1471,SEA,"Seattle, WA",MIA,"Miami, FL",2030,559.0,569.0,12.0,17.0,522,1501.0,579.0,0.0,,0.0,569.0,0.0,10.0,0.0,0.0
7/7/2019 12:00:00 AM,19805,305,MIA,"Miami, FL",SEA,"Seattle, WA",2029,2126.0,57.0,16.0,9.0,2355,25.0,30.0,0.0,,0.0,30.0,0.0,0.0,0.0,0.0
7/7/2019 12:00:00 AM,19805,1471,SEA,"Seattle, WA",MIA,"Miami, FL",2024,2022.0,-2.0,13.0,4.0,517,459.0,-18.0,0.0,,0.0,,,,,
7/8/2019 12:00:00 AM,19805,305,MIA,"Miami, FL",SEA,"Seattle, WA",2029,2103.0,34.0,20.0,11.0,2355,12.0,17.0,0.0,,0.0,17.0,0.0,0.0,0.0,0.0
7/8/2019 12:00:00 AM,19805,1471,SEA,"Seattle, WA",MIA,"Miami, FL",2024,2020.0,-4.0,15.0,6.0,517,513.0,-4.0,0.0,,0.0,,,,,
7/9/2019 12:00:00 AM,19805,305,MIA,"Miami, FL",SEA,"Seattle, WA",2029,2025.0,-4.0,18.0,10.0,2355,2327.0,-28.0,0.0,,0.0,,,,,
7/9/2019 12:00:00 AM,19805,1471,SEA,"Seattle, WA",MIA,"Miami, FL",2024,2017.0,-7.0,19.0,9.0,517,510.0,-7.0,0.0,,0.0,,,,,
7/10/2019 12:00:00 AM,19805,305,MIA,"Miami, FL",SEA,"Seattle, WA",2029,2030.0,1.0,23.0,40.0,2355,12.0,17.0,0.0,,0.0,1.0,0.0,16.0,0.0,0.0
7/10/2019 12:00:00 AM,19805,1471,SEA,"Seattle, WA",MIA,"Miami, FL",2024,32.0,248.0,12.0,6.0,517,857.0,220.0,0.0,,0.0,14.0,0.0,0.0,0.0,206.0
7/11/2019 12:00:00 AM,19805,305,MIA,"Miami, FL",SEA,"Seattle, WA",2029,2038.0,9.0,21.0,19.0,2355,2354.0,-1.0,0.0,,0.0,,,,,
7/11/2019 12:00:00 AM,19805,1471,SEA,"Seattle, WA",MIA,"Miami, FL",2024,2143.0,79.0,20.0,8.0,517,625.0,68.0,0.0,,0.0,68.0,0.0,0.0,0.0,0.0
7/12/2019 12:00:00 AM,19805,305,MIA,"Miami, FL",SEA,"Seattle, WA",2029,2028.0,-1.0,17.0,38.0,2355,1.0,6.0,0.0,,0.0,,,,,
7/12/2019 12:00:00 AM,19805,1471,SEA,"Seattle, WA",MIA,"Miami, FL",2024,2129.0,65.0,24.0,5.0,517,617.0,60.0,0.0,,0.0,6.0,0.0,0.0,0.0,54.0
7/13/2019 12:00:00 AM,19805,305,MIA,"Miami, FL",SEA,"Seattle, WA",2029,2035.0,6.0,14.0,45.0,2355,14.0,19.0,0.0,,0.0,6.0,0.0,13.0,0.0,0.0
7/13/2019 12:00:00 AM,19805,1471,SEA,"Seattle, WA",MIA,"Miami, FL",2024,2021.0,-3.0,18.0,3.0,517,453.0,-24.0,0.0,,0.0,,,,,
7/14/2019 12:00:00 AM,19805,305,MIA,"Miami, FL",SEA,"Seattle, WA",2029,2025.0,-4.0,16.0,39.0,2355,8.0,13.0,0.0,,0.0,,,,,
7/14/2019 12:00:00 AM,19805,1471,SEA,"Seattle, WA",MIA,"Miami, FL",2024,2018.0,-6.0,19.0,6.0,517,510.0,-7.0,0.0,,0.0,,,,,
7/15/2019 12:00:00 AM,19805,305,MIA,"Miami, FL",SEA,"Seattle, WA",2029,2109.0,40.0,17.0,9.0,2355,17.0,22.0,0.0,,0.0,22.0,0.0,0.0,0.0,0.0
7/15/2019 12:00:00 AM,19805,1471,SEA,"Seattle, WA",MIA,"Miami, FL",2024,2019.0,-5.0,19.0,6.0,517,503.0,-14.0,0.0,,0.0,,,,,
7/16/2019 12:00:00 AM,19805,305,MIA,"Miami, FL",SEA,"Seattle, WA",2029,2102.0,33.0,14.0,15.0,2355,17.0,22.0,0.0,,0.0,22.0,0.0,0.0,0.0,0.0
7/16/2019 12:00:00 AM,19805,1471,SEA,"Seattle, WA",MIA,"Miami, FL",2024,2024.0,0.0,13.0,6.0,517,502.0,-15.0,0.0,,0.0,,,,,
7/17/2019 12:00:00 AM,19805,305,MIA,"Miami, FL",SEA,"Seattle, WA",2029,2028.0,-1.0,11.0,7.0,2355,2335.0,-20.0,0.0,,0.0,,,,,
7/17/2019 12:00:00 AM,19805,1471,SEA,"Seattle, WA",MIA,"Miami, FL",2024,2044.0,20.0,14.0,4.0,517,508.0,-9.0,0.0,,0.0,,,,,
7/18/2019 12:00:00 AM,19805,305,MIA,"Miami, FL",SEA,"Seattle, WA",2029,2326.0,177.0,22.0,6.0,2355,227.0,152.0,0.0,,0.0,6.0,0.0,0.0,0.0,146.0
7/18/2019 12:00:00 AM,19805,1471,SEA,"Seattle, WA",MIA,"Miami, FL",2024,2024.0,0.0,11.0,9.0,517,451.0,-26.0,0.0,,0.0,,,,,
7/19/2019 12:00:00 AM,19805,305,MIA,"Miami, FL",SEA,"Seattle, WA",2029,2026.0,-3.0,16.0,7.0,2355,2325.0,-30.0,0.0,,0.0,,,,,
7/19/2019 12:00:00 AM,19805,1471,SEA,"Seattle, WA",MIA,"Miami, FL",2024,2016.0,-8.0,22.0,6.0,517,452.0,-25.0,0.0,,0.0,,,,,
7/20/2019 12:00:00 AM,19805,305,MIA,"Miami, FL",SEA,"Seattle, WA",2029,2024.0,-5.0,14.0,11.0,2355,2318.0,-37.0,0.0,,0.0,,,,,
7/20/2019 12:00:00 AM,19805,1471,SEA,"Seattle, WA",MIA,"Miami, FL",2024,2020.0,-4.0,13.0,5.0,517,452.0,-25.0,0.0,,0.0,,,,,
7/21/2019 12:00:00 AM,19805,305,MIA,"Miami, FL",SEA,"Seattle, WA",2029,2022.0,-7.0,12.0,40.0,2355,2344.0,-11.0,0.0,,0.0,,,,,
7/21/2019 12:00:00 AM,19805,1471,SEA,"Seattle, WA",MIA,"Miami, FL",2024,2023.0,-1.0,15.0,8.0,517,514.0,-3.0,0.0,,0.0,,,,,
7/22/2019 12:00:00 AM,19805,305,MIA,"Miami, FL",SEA,"Seattle, WA",2029,2028.0,-1.0,17.0,30.0,2355,10.0,15.0,0.0,,0.0,0.0,0.0,15.0,0.0,0.0
7/22/2019 12:00:00 AM,19805,1471,SEA,"Seattle, WA",MIA,"Miami, FL",2024,2118.0,54.0,13.0,7.0,517,551.0,34.0,0.0,,0.0,34.0,0.0,0.0,0.0,0.0
7/23/2019 12:00:00 AM,19805,305,MIA,"Miami, FL",SEA,"Seattle, WA",2029,2213.0,104.0,12.0,8.0,2355,129.0,94.0,0.0,,0.0,0.0,18.0,0.0,0.0,76.0
7/23/2019 12:00:00 AM,19805,1471,SEA,"Seattle, WA",MIA,"Miami, FL",2024,2023.0,-1.0,25.0,6.0,517,509.0,-8.0,0.0,,0.0,,,,,
7/24/2019 12:00:00 AM,19805,305,MIA,"Miami, FL",SEA,"Seattle, WA",2029,2023.0,-6.0,22.0,20.0,2355,2355.0,0.0,0.0,,0.0,,,,,
7/24/2019 12:00:00 AM,19805,1471,SEA,"Seattle, WA",MIA,"Miami, FL",2024,2052.0,28.0,21.0,7.0,517,536.0,19.0,0.0,,0.0,16.0,0.0,0.0,0.0,3.0
7/25/2019 12:00:00 AM,19805,305,MIA,"Miami, FL",SEA,"Seattle, WA",2029,2309.0,160.0,34.0,6.0,2355,237.0,162.0,0.0,,0.0,11.0,0.0,2.0,0.0,149.0
7/25/2019 12:00:00 AM,19805,1471,SEA,"Seattle, WA",MIA,"Miami, FL",2024,2023.0,-1.0,12.0,13.0,517,449.0,-28.0,0.0,,0.0,,,,,
7/26/2019 12:00:00 AM,19805,305,MIA,"Miami, FL",SEA,"Seattle, WA",2029,2216.0,107.0,14.0,9.0,2355,116.0,81.0,0.0,,0.0,0.0,81.0,0.0,0.0,0.0
7/26/2019 12:00:00 AM,19805,1471,SEA,"Seattle, WA",MIA,"Miami, FL",2024,2020.0,-4.0,16.0,5.0,517,448.0,-29.0,0.0,,0.0,,,,,
7/27/2019 12:00:00 AM,19805,305,MIA,"Miami, FL",SEA,"Seattle, WA",2029,2032.0,3.0,18.0,9.0,2355,2348.0,-7.0,0.0,,0.0,,,,,
7/27/2019 12:00:00 AM,19805,1471,SEA,"Seattle, WA",MIA,"Miami, FL",2024,2029.0,5.0,16.0,7.0,517,511.0,-6.0,0.0,,0.0,,,,,
7/28/2019 12:00:00 AM,19805,305,MIA,"Miami, FL",SEA,"Seattle, WA",2029,2025.0,-4.0,18.0,48.0,2355,15.0,20.0,0.0,,0.0,0.0,0.0,20.0,0.0,0.0
7/28/2019 12:00:00 AM,19805,1471,SEA,"Seattle, WA",MIA,"Miami, FL",2024,2018.0,-6.0,14.0,10.0,517,455.0,-22.0,0.0,,0.0,,,,,
7/29/2019 12:00:00 AM,19805,305,MIA,"Miami, FL",SEA,"Seattle, WA",2029,2029.0,0.0,51.0,11.0,2355,28.0,33.0,0.0,,0.0,0.0,0.0,33.0,0.0,0.0
7/29/2019 12:00:00 AM,19805,1471,SEA,"Seattle, WA",MIA,"Miami, FL",2024,2021.0,-3.0,18.0,6.0,517,502.0,-15.0,0.0,,0.0,,,,,
7/30/2019 12:00:00 AM,19805,305,MIA,"Miami, FL",SEA,"Seattle, WA",2029,2116.0,47.0,16.0,9.0,2355,29.0,34.0,0.0,,0.0,34.0,0.0,0.0,0.0,0.0
7/30/2019 12:00:00 AM,19805,1471,SEA,"Seattle, WA",MIA,"Miami, FL",2024,2021.0,-3.0,14.0,9.0,517,451.0,-26.0,0.0,,0.0,,,,,
7/31/2019 12:00:00 AM,19805,305,MIA,"Miami, FL",SEA,"Seattle, WA",2029,2024.0,-5.0,21.0,11.0,2355,2331.0,-24.0,0.0,,0.0,,,,,
7/31/2019 12:00:00 AM,19805,1471,SEA,"Seattle, WA",MIA,"Miami, FL",2024,2054.0,30.0,14.0,41.0,517,557.0,40.0,0.0,,0.0,23.0,0.0,10.0,0.0,7.0
6/1/2019 12:00:00 AM,19805,1471,SEA,"Seattle, WA",MIA,"Miami, FL",2030,2111.0,41.0,51.0,5.0,522,617.0,55.0,0.0,,0.0,5.0,0.0,14.0,0.0,36.0
6/1/2019 12:00:00 AM,19805,305,MIA,"Miami, FL",SEA,"Seattle, WA",2035,2027.0,-8.0,13.0,30.0,6,7.0,1.0,0.0,,0.0,,,,,
6/2/2019 12:00:00 AM,19805,305,MIA,"Miami, FL",SEA,"Seattle, WA",2035,2031.0,-4.0,16.0,67.0,6,53.0,47.0,0.0,,0.0,0.0,0.0,47.0,0.0,0.0
6/2/2019 12:00:00 AM,19805,1471,SEA,"Seattle, WA",MIA,"Miami, FL",2030,2104.0,34.0,15.0,4.0,522,530.0,8.0,0.0,,0.0,,,,,
6/3/2019 12:00:00 AM,19805,1471,SEA,"Seattle, WA",MIA,"Miami, FL",2030,2241.0,131.0,23.0,10.0,522,722.0,120.0,0.0,,0.0,7.0,0.0,0.0,0.0,113.0
6/3/2019 12:00:00 AM,19805,305,MIA,"Miami, FL",SEA,"Seattle, WA",2035,2057.0,22.0,11.0,10.0,6,11.0,5.0,0.0,,0.0,,,,,
6/4/2019 12:00:00 AM,19805,305,MIA,"Miami, FL",SEA,"Seattle, WA",2035,2034.0,-1.0,17.0,9.0,6,2.0,-4.0,0.0,,0.0,,,,,
6/4/2019 12:00:00 AM,19805,1471,SEA,"Seattle, WA",MIA,"Miami, FL",2030,2024.0,-6.0,16.0,5.0,522,452.0,-30.0,0.0,,0.0,,,,,
6/5/2019 12:00:00 AM,19805,1471,SEA,"Seattle, WA",MIA,"Miami, FL",2030,2036.0,6.0,12.0,5.0,522,509.0,-13.0,0.0,,0.0,,,,,
6/5/2019 12:00:00 AM,19805,305,MIA,"Miami, FL",SEA,"Seattle, WA",2035,2032.0,-3.0,13.0,37.0,6,10.0,4.0,0.0,,0.0,,,,,
6/6/2019 12:00:00 AM,19805,305,MIA,"Miami, FL",SEA,"Seattle, WA",2034,2035.0,1.0,18.0,27.0,2359,15.0,16.0,0.0,,0.0,1.0,0.0,15.0,0.0,0.0
6/6/2019 12:00:00 AM,19805,1471,SEA,"Seattle, WA",MIA,"Miami, FL",2030,2044.0,14.0,18.0,9.0,522,536.0,14.0,0.0,,0.0,,,,,
6/7/2019 12:00:00 AM,19805,1471,SEA,"Seattle, WA",MIA,"Miami, FL",2030,2032.0,2.0,14.0,5.0,522,512.0,-10.0,0.0,,0.0,,,,,
6/7/2019 12:00:00 AM,19805,305,MIA,"Miami, FL",SEA,"Seattle, WA",2034,2152.0,78.0,22.0,8.0,2359,107.0,68.0,0.0,,0.0,0.0,68.0,0.0,0.0,0.0
6/8/2019 12:00:00 AM,19805,305,MIA,"Miami, FL",SEA,"Seattle, WA",2034,2032.0,-2.0,18.0,12.0,2359,14.0,15.0,0.0,,0.0,0.0,0.0,15.0,0.0,0.0
6/8/2019 12:00:00 AM,19805,1471,SEA,"Seattle, WA",MIA,"Miami, FL",2030,2058.0,28.0,14.0,6.0,522,529.0,7.0,0.0,,0.0,,,,,
6/9/2019 12:00:00 AM,19805,1471,SEA,"Seattle, WA",MIA,"Miami, FL",2030,121.0,291.0,14.0,11.0,522,1031.0,309.0,0.0,,0.0,2.0,0.0,18.0,0.0,289.0
6/9/2019 12:00:00 AM,19805,305,MIA,"Miami, FL",SEA,"Seattle, WA",2034,2058.0,24.0,15.0,8.0,2359,35.0,36.0,0.0,,0.0,15.0,0.0,12.0,0.0,9.0
6/10/2019 12:00:00 AM,19805,305,MIA,"Miami, FL",SEA,"Seattle, WA",2034,2103.0,29.0,17.0,39.0,2359,52.0,53.0,0.0,,0.0,5.0,0.0,24.0,0.0,24.0
6/10/2019 12:00:00 AM,19805,1471,SEA,"Seattle, WA",MIA,"Miami, FL",2030,1117.0,887.0,19.0,10.0,522,1958.0,876.0,0.0,,0.0,649.0,0.0,0.0,0.0,227.0
6/11/2019 12:00:00 AM,19805,1471,SEA,"Seattle, WA",MIA,"Miami, FL",2030,2028.0,-2.0,20.0,6.0,522,512.0,-10.0,0.0,,0.0,,,,,
6/11/2019 12:00:00 AM,19805,305,MIA,"Miami, FL",SEA,"Seattle, WA",2034,2120.0,46.0,16.0,9.0,2359,32.0,33.0,0.0,,0.0,27.0,0.0,0.0,0.0,6.0
6/12/2019 12:00:00 AM,19805,305,MIA,"Miami, FL",SEA,"Seattle, WA",2034,2236.0,122.0,14.0,10.0,2359,139.0,100.0,0.0,,0.0,10.0,0.0,0.0,0.0,90.0
6/12/2019 12:00:00 AM,19805,1471,SEA,"Seattle, WA",MIA,"Miami, FL",2030,2025.0,-5.0,16.0,7.0,522,455.0,-27.0,0.0,,0.0,,,,,
6/13/2019 12:00:00 AM,19805,1471,SEA,"Seattle, WA",MIA,"Miami, FL",2030,2028.0,-2.0,16.0,8.0,522,500.0,-22.0,0.0,,0.0,,,,,
6/13/2019 12:00:00 AM,19805,305,MIA,"Miami, FL",SEA,"Seattle, WA",2034,2029.0,-5.0,17.0,28.0,2359,3.0,4.0,0.0,,0.0,,,,,
6/14/2019 12:00:00 AM,19805,305,MIA,"Miami, FL",SEA,"Seattle, WA",2034,2054.0,20.0,20.0,8.0,2359,15.0,16.0,0.0,,0.0,16.0,0.0,0.0,0.0,0.0
6/14/2019 12:00:00 AM,19805,1471,SEA,"Seattle, WA",MIA,"Miami, FL",2030,2026.0,-4.0,17.0,4.0,522,502.0,-20.0,0.0,,0.0,,,,,
6/15/2019 12:00:00 AM,19805,1471,SEA,"Seattle, WA",MIA,"Miami, FL",2030,2046.0,16.0,18.0,3.0,522,533.0,11.0,0.0,,0.0,,,,,
6/15/2019 12:00:00 AM,19805,305,MIA,"Miami, FL",SEA,"Seattle, WA",2034,2051.0,17.0,14.0,15.0,2359,17.0,18.0,0.0,,0.0,17.0,0.0,1.0,0.0,0.0
6/16/2019 12:00:00 AM,19805,305,MIA,"Miami, FL",SEA,"Seattle, WA",2034,2039.0,5.0,18.0,17.0,2359,4.0,5.0,0.0,,0.0,,,,,
6/16/2019 12:00:00 AM,19805,1471,SEA,"Seattle, WA",MIA,"Miami, FL",2030,712.0,642.0,16.0,8.0,522,1616.0,654.0,0.0,,0.0,378.0,0.0,12.0,0.0,264.0
6/17/2019 12:00:00 AM,19805,1471,SEA,"Seattle, WA",MIA,"Miami, FL",2030,2042.0,12.0,18.0,4.0,522,511.0,-11.0,0.0,,0.0,,,,,
6/17/2019 12:00:00 AM,19805,305,MIA,"Miami, FL",SEA,"Seattle, WA",2034,2056.0,22.0,13.0,11.0,2359,2359.0,0.0,0.0,,0.0,,,,,
6/18/2019 12:00:00 AM,19805,305,MIA,"Miami, FL",SEA,"Seattle, WA",2034,2200.0,86.0,24.0,8.0,2359,134.0,95.0,0.0,,0.0,0.0,86.0,9.0,0.0,0.0
6/18/2019 12:00:00 AM,19805,1471,SEA,"Seattle, WA",MIA,"Miami, FL",2030,2034.0,4.0,15.0,12.0,522,519.0,-3.0,0.0,,0.0,,,,,
6/19/2019 12:00:00 AM,19805,1471,SEA,"Seattle, WA",MIA,"Miami, FL",2030,2040.0,10.0,13.0,6.0,522,455.0,-27.0,0.0,,0.0,,,,,
6/19/2019 12:00:00 AM,19805,305,MIA,"Miami, FL",SEA,"Seattle, WA",2034,2127.0,53.0,15.0,5.0,2359,53.0,54.0,0.0,,0.0,53.0,0.0,1.0,0.0,0.0
6/20/2019 12:00:00 AM,19805,305,MIA,"Miami, FL",SEA,"Seattle, WA",2034,2320.0,166.0,16.0,12.0,2359,236.0,157.0,0.0,,0.0,54.0,0.0,0.0,0.0,103.0
6/20/2019 12:00:00 AM,19805,1471,SEA,"Seattle, WA",MIA,"Miami, FL",2030,2029.0,-1.0,18.0,7.0,522,510.0,-12.0,0.0,,0.0,,,,,
6/21/2019 12:00:00 AM,19805,1471,SEA,"Seattle, WA",MIA,"Miami, FL",2030,2028.0,-2.0,18.0,7.0,522,521.0,-1.0,0.0,,0.0,,,,,
6/21/2019 12:00:00 AM,19805,305,MIA,"Miami, FL",SEA,"Seattle, WA",2034,2130.0,56.0,17.0,6.0,2359,37.0,38.0,0.0,,0.0,12.0,0.0,0.0,0.0,26.0
6/22/2019 12:00:00 AM,19805,305,MIA,"Miami, FL",SEA,"Seattle, WA",2034,2044.0,10.0,23.0,14.0,2359,2359.0,0.0,0.0,,0.0,,,,,
6/22/2019 12:00:00 AM,19805,1471,SEA,"Seattle, WA",MIA,"Miami, FL",2030,2025.0,-5.0,13.0,6.0,522,512.0,-10.0,0.0,,0.0,,,,,
6/23/2019 12:00:00 AM,19805,1471,SEA,"Seattle, WA",MIA,"Miami, FL",2030,2116.0,46.0,13.0,5.0,522,557.0,35.0,0.0,,0.0,2.0,0.0,0.0,0.0,33.0
6/23/2019 12:00:00 AM,19805,305,MIA,"Miami, FL",SEA,"Seattle, WA",2034,2100.0,26.0,16.0,10.0,2359,31.0,32.0,0.0,,0.0,1.0,0.0,6.0,0.0,25.0
6/24/2019 12:00:00 AM,19805,305,MIA,"Miami, FL",SEA,"Seattle, WA",2034,2114.0,40.0,12.0,9.0,2359,13.0,14.0,0.0,,0.0,,,,,
6/24/2019 12:00:00 AM,19805,1471,SEA,"Seattle, WA",MIA,"Miami, FL",2030,2025.0,-5.0,14.0,8.0,522,503.0,-19.0,0.0,,0.0,,,,,
6/25/2019 12:00:00 AM,19805,1471,SEA,"Seattle, WA",MIA,"Miami, FL",2030,2022.0,-8.0,15.0,7.0,522,456.0,-26.0,0.0,,0.0,,,,,
6/25/2019 12:00:00 AM,19805,305,MIA,"Miami, FL",SEA,"Seattle, WA",2034,2033.0,-1.0,15.0,8.0,2359,2344.0,-15.0,0.0,,0.0,,,,,
6/26/2019 12:00:00 AM,19805,305,MIA,"Miami, FL",SEA,"Seattle, WA",2034,2100.0,26.0,29.0,12.0,2359,21.0,22.0,0.0,,0.0,22.0,0.0,0.0,0.0,0.0
6/26/2019 12:00:00 AM,19805,1471,SEA,"Seattle, WA",MIA,"Miami, FL",2030,2027.0,-3.0,13.0,4.0,522,459.0,-23.0,0.0,,0.0,,,,,
6/27/2019 12:00:00 AM,19805,1471,SEA,"Seattle, WA",MIA,"Miami, FL",2030,2029.0,-1.0,18.0,9.0,522,511.0,-11.0,0.0,,0.0,,,,,
6/27/2019 12:00:00 AM,19805,305,MIA,"Miami, FL",SEA,"Seattle, WA",2034,2139.0,65.0,22.0,10.0,2359,52.0,53.0,0.0,,0.0,42.0,0.0,0.0,0.0,11.0
6/28/2019 12:00:00 AM,19805,305,MIA,"Miami, FL",SEA,"Seattle, WA",2034,2208.0,94.0,18.0,11.0,2359,113.0,74.0,0.0,,0.0,74.0,0.0,0.0,0.0,0.0
6/28/2019 12:00:00 AM,19805,1471,SEA,"Seattle, WA",MIA,"Miami, FL",2030,2025.0,-5.0,16.0,5.0,522,520.0,-2.0,0.0,,0.0,,,,,
6/29/2019 12:00:00 AM,19805,1471,SEA,"Seattle, WA",MIA,"Miami, FL",2030,2025.0,-5.0,17.0,8.0,522,509.0,-13.0,0.0,,0.0,,,,,
6/29/2019 12:00:00 AM,19805,305,MIA,"Miami, FL",SEA,"Seattle, WA",2034,2052.0,18.0,16.0,15.0,2359,2357.0,-2.0,0.0,,0.0,,,,,
6/30/2019 12:00:00 AM,19805,305,MIA,"Miami, FL",SEA,"Seattle, WA",2034,2305.0,151.0,15.0,16.0,2359,209.0,130.0,0.0,,0.0,46.0,0.0,0.0,0.0,84.0
6/30/2019 12:00:00 AM,19805,1471,SEA,"Seattle, WA",MIA,"Miami, FL",2030,2025.0,-5.0,23.0,9.0,522,534.0,12.0,0.0,,0.0,,,,,
3/1/2019 12:00:00 AM,19805,1471,SEA,"Seattle, WA",MIA,"Miami, FL",2112,2111.0,-1.0,16.0,10.0,550,522.0,-28.0,0.0,,0.0,,,,,
3/1/2019 12:00:00 AM,19805,305,MIA,"Miami, FL",SEA,"Seattle, WA",1958,1957.0,-1.0,24.0,17.0,6,17.0,11.0,0.0,,0.0,,,,,
3/2/2019 12:00:00 AM,19805,305,MIA,"Miami, FL",SEA,"Seattle, WA",1958,1955.0,-3.0,16.0,12.0,6,2346.0,-20.0,0.0,,0.0,,,,,
3/2/2019 12:00:00 AM,19805,1471,SEA,"Seattle, WA",MIA,"Miami, FL",2112,2104.0,-8.0,18.0,7.0,550,528.0,-22.0,0.0,,0.0,,,,,
3/3/2019 12:00:00 AM,19805,1471,SEA,"Seattle, WA",MIA,"Miami, FL",2105,2058.0,-7.0,15.0,8.0,550,516.0,-34.0,0.0,,0.0,,,,,
3/3/2019 12:00:00 AM,19805,305,MIA,"Miami, FL",SEA,"Seattle, WA",1958,2010.0,12.0,57.0,8.0,2348,31.0,43.0,0.0,,0.0,10.0,0.0,31.0,0.0,2.0
3/4/2019 12:00:00 AM,19805,305,MIA,"Miami, FL",SEA,"Seattle, WA",1958,1953.0,-5.0,17.0,10.0,2348,2332.0,-16.0,0.0,,0.0,,,,,
3/4/2019 12:00:00 AM,19805,1471,SEA,"Seattle, WA",MIA,"Miami, FL",2105,2057.0,-8.0,24.0,9.0,550,531.0,-19.0,0.0,,0.0,,,,,
3/5/2019 12:00:00 AM,19805,1471,SEA,"Seattle, WA",MIA,"Miami, FL",2105,2102.0,-3.0,13.0,4.0,550,507.0,-43.0,0.0,,0.0,,,,,
3/5/2019 12:00:00 AM,19805,305,MIA,"Miami, FL",SEA,"Seattle, WA",1958,1953.0,-5.0,23.0,13.0,2348,2347.0,-1.0,0.0,,0.0,,,,,
3/6/2019 12:00:00 AM,19805,305,MIA,"Miami, FL",SEA,"Seattle, WA",1958,1953.0,-5.0,20.0,9.0,2348,2339.0,-9.0,0.0,,0.0,,,,,
3/6/2019 12:00:00 AM,19805,1471,SEA,"Seattle, WA",MIA,"Miami, FL",2105,2059.0,-6.0,25.0,4.0,550,524.0,-26.0,0.0,,0.0,,,,,
3/7/2019 12:00:00 AM,19805,1471,SEA,"Seattle, WA",MIA,"Miami, FL",2105,2125.0,20.0,22.0,3.0,550,551.0,1.0,0.0,,0.0,,,,,
3/7/2019 12:00:00 AM,19805,305,MIA,"Miami, FL",SEA,"Seattle, WA",1958,2005.0,7.0,21.0,10.0,2348,2351.0,3.0,0.0,,0.0,,,,,
3/8/2019 12:00:00 AM,19805,305,MIA,"Miami, FL",SEA,"Seattle, WA",1958,1953.0,-5.0,17.0,10.0,2348,2319.0,-29.0,0.0,,0.0,,,,,
3/8/2019 12:00:00 AM,19805,1471,SEA,"Seattle, WA",MIA,"Miami, FL",2105,2102.0,-3.0,26.0,3.0,550,529.0,-21.0,0.0,,0.0,,,,,
3/9/2019 12:00:00 AM,19805,1471,SEA,"Seattle, WA",MIA,"Miami, FL",2005,2113.0,68.0,15.0,5.0,550,632.0,42.0,0.0,,0.0,42.0,0.0,0.0,0.0,0.0
3/9/2019 12:00:00 AM,19805,305,MIA,"Miami, FL",SEA,"Seattle, WA",1958,1958.0,0.0,11.0,11.0,2348,2334.0,-14.0,0.0,,0.0,,,,,
3/10/2019 12:00:00 AM,19805,305,MIA,"Miami, FL",SEA,"Seattle, WA",1958,2013.0,15.0,23.0,44.0,2348,7.0,19.0,0.0,,0.0,0.0,0.0,4.0,0.0,15.0
3/10/2019 12:00:00 AM,19805,1471,SEA,"Seattle, WA",MIA,"Miami, FL",2105,2102.0,-3.0,16.0,3.0,550,526.0,-24.0,0.0,,0.0,,,,,
3/11/2019 12:00:00 AM,19805,1471,SEA,"Seattle, WA",MIA,"Miami, FL",2105,2100.0,-5.0,15.0,4.0,550,519.0,-31.0,0.0,,0.0,,,,,
3/11/2019 12:00:00 AM,19805,305,MIA,"Miami, FL",SEA,"Seattle, WA",1958,1954.0,-4.0,15.0,13.0,2348,2334.0,-14.0,0.0,,0.0,,,,,
3/12/2019 12:00:00 AM,19805,305,MIA,"Miami, FL",SEA,"Seattle, WA",1958,1953.0,-5.0,20.0,6.0,2348,2324.0,-24.0,0.0,,0.0,,,,,
3/12/2019 12:00:00 AM,19805,1471,SEA,"Seattle, WA",MIA,"Miami, FL",2105,2103.0,-2.0,23.0,8.0,550,557.0,7.0,0.0,,0.0,,,,,
3/13/2019 12:00:00 AM,19805,1471,SEA,"Seattle, WA",MIA,"Miami, FL",2105,2143.0,38.0,16.0,2.0,550,611.0,21.0,0.0,,0.0,12.0,0.0,0.0,0.0,9.0
3/13/2019 12:00:00 AM,19805,305,MIA,"Miami, FL",SEA,"Seattle, WA",1958,1959.0,1.0,18.0,17.0,2348,2400.0,12.0,0.0,,0.0,,,,,
3/14/2019 12:00:00 AM,19805,305,MIA,"Miami, FL",SEA,"Seattle, WA",1958,2154.0,116.0,31.0,5.0,2348,129.0,101.0,0.0,,0.0,9.0,0.0,0.0,0.0,92.0
3/14/2019 12:00:00 AM,19805,1471,SEA,"Seattle, WA",MIA,"Miami, FL",2105,2100.0,-5.0,17.0,7.0,550,533.0,-17.0,0.0,,0.0,,,,,
3/15/2019 12:00:00 AM,19805,1471,SEA,"Seattle, WA",MIA,"Miami, FL",2105,2102.0,-3.0,19.0,6.0,550,532.0,-18.0,0.0,,0.0,,,,,
3/15/2019 12:00:00 AM,19805,305,MIA,"Miami, FL",SEA,"Seattle, WA",1958,1956.0,-2.0,24.0,10.0,2348,2337.0,-11.0,0.0,,0.0,,,,,
3/16/2019 12:00:00 AM,19805,305,MIA,"Miami, FL",SEA,"Seattle, WA",1958,2049.0,51.0,21.0,8.0,2348,1154.0,,0.0,,1.0,,,,,
3/16/2019 12:00:00 AM,19805,1471,SEA,"Seattle, WA",MIA,"Miami, FL",2105,2103.0,-2.0,14.0,12.0,550,539.0,-11.0,0.0,,0.0,,,,,
3/17/2019 12:00:00 AM,19805,1471,SEA,"Seattle, WA",MIA,"Miami, FL",2105,2111.0,6.0,22.0,5.0,550,540.0,-10.0,0.0,,0.0,,,,,
3/17/2019 12:00:00 AM,19805,305,MIA,"Miami, FL",SEA,"Seattle, WA",1958,2119.0,81.0,25.0,8.0,2348,106.0,78.0,0.0,,0.0,11.0,0.0,0.0,0.0,67.0
3/18/2019 12:00:00 AM,19805,305,MIA,"Miami, FL",SEA,"Seattle, WA",1958,726.0,688.0,13.0,15.0,2348,1103.0,675.0,0.0,,0.0,584.0,0.0,0.0,0.0,91.0
3/18/2019 12:00:00 AM,19805,1471,SEA,"Seattle, WA",MIA,"Miami, FL",2105,2109.0,4.0,17.0,5.0,550,553.0,3.0,0.0,,0.0,,,,,
3/19/2019 12:00:00 AM,19805,1471,SEA,"Seattle, WA",MIA,"Miami, FL",2105,2125.0,20.0,24.0,3.0,550,559.0,9.0,0.0,,0.0,,,,,
3/19/2019 12:00:00 AM,19805,305,MIA,"Miami, FL",SEA,"Seattle, WA",1958,1958.0,0.0,27.0,8.0,2348,2307.0,-41.0,0.0,,0.0,,,,,
3/20/2019 12:00:00 AM,19805,305,MIA,"Miami, FL",SEA,"Seattle, WA",1958,1952.0,-6.0,15.0,11.0,2348,2320.0,-28.0,0.0,,0.0,,,,,
3/20/2019 12:00:00 AM,19805,1471,SEA,"Seattle, WA",MIA,"Miami, FL",2105,2105.0,0.0,15.0,6.0,550,538.0,-12.0,0.0,,0.0,,,,,
3/21/2019 12:00:00 AM,19805,1471,SEA,"Seattle, WA",MIA,"Miami, FL",2105,2059.0,-6.0,15.0,6.0,550,538.0,-12.0,0.0,,0.0,,,,,
3/21/2019 12:00:00 AM,19805,305,MIA,"Miami, FL",SEA,"Seattle, WA",1958,2312.0,194.0,17.0,8.0,2348,224.0,156.0,0.0,,0.0,121.0,0.0,0.0,0.0,35.0
3/22/2019 12:00:00 AM,19805,305,MIA,"Miami, FL",SEA,"Seattle, WA",1958,2002.0,4.0,17.0,8.0,2348,2317.0,-31.0,0.0,,0.0,,,,,
3/22/2019 12:00:00 AM,19805,1471,SEA,"Seattle, WA",MIA,"Miami, FL",2105,2100.0,-5.0,19.0,4.0,550,549.0,-1.0,0.0,,0.0,,,,,
3/23/2019 12:00:00 AM,19805,1471,SEA,"Seattle, WA",MIA,"Miami, FL",2105,2100.0,-5.0,20.0,5.0,550,557.0,7.0,0.0,,0.0,,,,,
3/23/2019 12:00:00 AM,19805,305,MIA,"Miami, FL",SEA,"Seattle, WA",1958,2002.0,4.0,23.0,8.0,2348,2328.0,-20.0,0.0,,0.0,,,,,
3/24/2019 12:00:00 AM,19805,305,MIA,"Miami, FL",SEA,"Seattle, WA",1958,1956.0,-2.0,21.0,8.0,2348,2335.0,-13.0,0.0,,0.0,,,,,
3/24/2019 12:00:00 AM,19805,1471,SEA,"Seattle, WA",MIA,"Miami, FL",2105,2105.0,0.0,18.0,6.0,550,537.0,-13.0,0.0,,0.0,,,,,
3/25/2019 12:00:00 AM,19805,1471,SEA,"Seattle, WA",MIA,"Miami, FL",2105,2116.0,11.0,15.0,5.0,550,550.0,0.0,0.0,,0.0,,,,,
3/25/2019 12:00:00 AM,19805,305,MIA,"Miami, FL",SEA,"Seattle, WA",1958,2318.0,200.0,18.0,9.0,2348,251.0,183.0,0.0,,0.0,25.0,0.0,0.0,0.0,158.0
3/26/2019 12:00:00 AM,19805,305,MIA,"Miami, FL",SEA,"Seattle, WA",1958,2005.0,7.0,35.0,8.0,2348,2354.0,6.0,0.0,,0.0,,,,,
3/26/2019 12:00:00 AM,19805,1471,SEA,"Seattle, WA",MIA,"Miami, FL",2105,2058.0,-7.0,14.0,6.0,550,527.0,-23.0,0.0,,0.0,,,,,
3/27/2019 12:00:00 AM,19805,1471,SEA,"Seattle, WA",MIA,"Miami, FL",2105,2106.0,1.0,13.0,6.0,550,535.0,-15.0,0.0,,0.0,,,,,
3/27/2019 12:00:00 AM,19805,305,MIA,"Miami, FL",SEA,"Seattle, WA",1958,2059.0,61.0,26.0,9.0,2348,42.0,54.0,0.0,,0.0,6.0,0.0,0.0,0.0,48.0
3/28/2019 12:00:00 AM,19805,305,MIA,"Miami, FL",SEA,"Seattle, WA",1958,1953.0,-5.0,31.0,9.0,2348,2325.0,-23.0,0.0,,0.0,,,,,
3/28/2019 12:00:00 AM,19805,1471,SEA,"Seattle, WA",MIA,"Miami, FL",2105,2100.0,-5.0,18.0,4.0,550,542.0,-8.0,0.0,,0.0,,,,,
3/29/2019 12:00:00 AM,19805,1471,SEA,"Seattle, WA",MIA,"Miami, FL",2105,2113.0,8.0,13.0,3.0,550,552.0,2.0,0.0,,0.0,,,,,
3/29/2019 12:00:00 AM,19805,305,MIA,"Miami, FL",SEA,"Seattle, WA",1958,1957.0,-1.0,16.0,10.0,2348,2258.0,-50.0,0.0,,0.0,,,,,
3/30/2019 12:00:00 AM,19805,305,MIA,"Miami, FL",SEA,"Seattle, WA",1958,1956.0,-2.0,20.0,11.0,2348,2327.0,-21.0,0.0,,0.0,,,,,
3/30/2019 12:00:00 AM,19805,1471,SEA,"Seattle, WA",MIA,"Miami, FL",2105,2103.0,-2.0,18.0,6.0,550,546.0,-4.0,0.0,,0.0,,,,,
3/31/2019 12:00:00 AM,19805,1471,SEA,"Seattle, WA",MIA,"Miami, FL",2105,2057.0,-8.0,14.0,8.0,550,530.0,-20.0,0.0,,0.0,,,,,
3/31/2019 12:00:00 AM,19805,305,MIA,"Miami, FL",SEA,"Seattle, WA",1958,2011.0,13.0,21.0,10.0,2348,2341.0,-7.0,0.0,,0.0,,,,,
5/1/2019 12:00:00 AM,19805,1471,SEA,"Seattle, WA",MIA,"Miami, FL",2104,2101.0,-3.0,13.0,6.0,550,551.0,1.0,0.0,,0.0,,,,,
5/1/2019 12:00:00 AM,19805,305,MIA,"Miami, FL",SEA,"Seattle, WA",1958,2038.0,40.0,18.0,11.0,2347,2.0,15.0,0.0,,0.0,8.0,0.0,0.0,0.0,7.0
5/2/2019 12:00:00 AM,19805,305,MIA,"Miami, FL",SEA,"Seattle, WA",1958,2149.0,111.0,22.0,6.0,2347,112.0,85.0,0.0,,0.0,80.0,0.0,0.0,0.0,5.0
5/2/2019 12:00:00 AM,19805,1471,SEA,"Seattle, WA",MIA,"Miami, FL",2104,2104.0,0.0,14.0,4.0,550,529.0,-21.0,0.0,,0.0,,,,,
5/3/2019 12:00:00 AM,19805,1471,SEA,"Seattle, WA",MIA,"Miami, FL",2030,2103.0,33.0,16.0,5.0,522,543.0,21.0,0.0,,0.0,5.0,0.0,0.0,0.0,16.0
5/3/2019 12:00:00 AM,19805,305,MIA,"Miami, FL",SEA,"Seattle, WA",2035,2120.0,45.0,21.0,7.0,6,39.0,33.0,0.0,,0.0,17.0,0.0,0.0,0.0,16.0
5/4/2019 12:00:00 AM,19805,305,MIA,"Miami, FL",SEA,"Seattle, WA",2035,2033.0,-2.0,27.0,9.0,6,5.0,-1.0,0.0,,0.0,,,,,
5/4/2019 12:00:00 AM,19805,1471,SEA,"Seattle, WA",MIA,"Miami, FL",2030,2018.0,-12.0,14.0,4.0,522,449.0,-33.0,0.0,,0.0,,,,,
5/5/2019 12:00:00 AM,19805,1471,SEA,"Seattle, WA",MIA,"Miami, FL",2030,2308.0,158.0,17.0,7.0,522,741.0,139.0,0.0,,0.0,0.0,0.0,0.0,0.0,139.0
5/5/2019 12:00:00 AM,19805,305,MIA,"Miami, FL",SEA,"Seattle, WA",2035,2145.0,70.0,40.0,6.0,6,122.0,76.0,0.0,,0.0,0.0,70.0,6.0,0.0,0.0
5/6/2019 12:00:00 AM,19805,305,MIA,"Miami, FL",SEA,"Seattle, WA",2035,2030.0,-5.0,26.0,9.0,6,2351.0,-15.0,0.0,,0.0,,,,,
5/6/2019 12:00:00 AM,19805,1471,SEA,"Seattle, WA",MIA,"Miami, FL",2030,2026.0,-4.0,16.0,6.0,522,516.0,-6.0,0.0,,0.0,,,,,
5/7/2019 12:00:00 AM,19805,1471,SEA,"Seattle, WA",MIA,"Miami, FL",2030,2149.0,79.0,16.0,6.0,522,631.0,69.0,0.0,,0.0,0.0,0.0,0.0,0.0,69.0
5/7/2019 12:00:00 AM,19805,305,MIA,"Miami, FL",SEA,"Seattle, WA",2035,2031.0,-4.0,15.0,25.0,6,1.0,-5.0,0.0,,0.0,,,,,
5/8/2019 12:00:00 AM,19805,305,MIA,"Miami, FL",SEA,"Seattle, WA",2035,2038.0,3.0,16.0,10.0,6,2341.0,-25.0,0.0,,0.0,,,,,
5/8/2019 12:00:00 AM,19805,1471,SEA,"Seattle, WA",MIA,"Miami, FL",2030,2136.0,66.0,21.0,7.0,522,632.0,70.0,0.0,,0.0,9.0,0.0,4.0,0.0,57.0
5/9/2019 12:00:00 AM,19805,1471,SEA,"Seattle, WA",MIA,"Miami, FL",2030,2022.0,-8.0,13.0,4.0,522,448.0,-34.0,0.0,,0.0,,,,,
5/9/2019 12:00:00 AM,19805,305,MIA,"Miami, FL",SEA,"Seattle, WA",2035,2033.0,-2.0,16.0,6.0,6,2351.0,-15.0,0.0,,0.0,,,,,
5/10/2019 12:00:00 AM,19805,305,MIA,"Miami, FL",SEA,"Seattle, WA",2035,2027.0,-8.0,14.0,24.0,6,2354.0,-12.0,0.0,,0.0,,,,,
5/10/2019 12:00:00 AM,19805,1471,SEA,"Seattle, WA",MIA,"Miami, FL",2030,2030.0,0.0,15.0,6.0,522,505.0,-17.0,0.0,,0.0,,,,,
5/11/2019 12:00:00 AM,19805,1471,SEA,"Seattle, WA",MIA,"Miami, FL",2030,2121.0,51.0,25.0,4.0,522,600.0,38.0,0.0,,0.0,11.0,0.0,0.0,0.0,27.0
5/11/2019 12:00:00 AM,19805,305,MIA,"Miami, FL",SEA,"Seattle, WA",2035,2030.0,-5.0,18.0,33.0,6,10.0,4.0,0.0,,0.0,,,,,
5/12/2019 12:00:00 AM,19805,305,MIA,"Miami, FL",SEA,"Seattle, WA",2035,2048.0,13.0,16.0,10.0,6,3.0,-3.0,0.0,,0.0,,,,,
5/12/2019 12:00:00 AM,19805,1471,SEA,"Seattle, WA",MIA,"Miami, FL",2030,2029.0,-1.0,14.0,6.0,522,456.0,-26.0,0.0,,0.0,,,,,
5/13/2019 12:00:00 AM,19805,1471,SEA,"Seattle, WA",MIA,"Miami, FL",2030,2021.0,-9.0,20.0,7.0,522,503.0,-19.0,0.0,,0.0,,,,,
5/13/2019 12:00:00 AM,19805,305,MIA,"Miami, FL",SEA,"Seattle, WA",2035,2113.0,38.0,20.0,12.0,6,35.0,29.0,0.0,,0.0,29.0,0.0,0.0,0.0,0.0
5/14/2019 12:00:00 AM,19805,305,MIA,"Miami, FL",SEA,"Seattle, WA",2035,2031.0,-4.0,16.0,8.0,6,2357.0,-9.0,0.0,,0.0,,,,,
5/14/2019 12:00:00 AM,19805,1471,SEA,"Seattle, WA",MIA,"Miami, FL",2030,2021.0,-9.0,16.0,6.0,522,458.0,-24.0,0.0,,0.0,,,,,
5/15/2019 12:00:00 AM,19805,1471,SEA,"Seattle, WA",MIA,"Miami, FL",2030,2027.0,-3.0,16.0,5.0,522,511.0,-11.0,0.0,,0.0,,,,,
5/15/2019 12:00:00 AM,19805,305,MIA,"Miami, FL",SEA,"Seattle, WA",2035,2042.0,7.0,23.0,10.0,6,2400.0,-6.0,0.0,,0.0,,,,,
5/16/2019 12:00:00 AM,19805,305,MIA,"Miami, FL",SEA,"Seattle, WA",2035,2035.0,0.0,17.0,33.0,6,4.0,-2.0,0.0,,0.0,,,,,
5/16/2019 12:00:00 AM,19805,1471,SEA,"Seattle, WA",MIA,"Miami, FL",2030,2029.0,-1.0,12.0,7.0,522,517.0,-5.0,0.0,,0.0,,,,,
5/17/2019 12:00:00 AM,19805,1471,SEA,"Seattle, WA",MIA,"Miami, FL",2030,2021.0,-9.0,18.0,5.0,522,510.0,-12.0,0.0,,0.0,,,,,
5/17/2019 12:00:00 AM,19805,305,MIA,"Miami, FL",SEA,"Seattle, WA",2035,2033.0,-2.0,12.0,29.0,6,2345.0,-21.0,0.0,,0.0,,,,,
5/18/2019 12:00:00 AM,19805,305,MIA,"Miami, FL",SEA,"Seattle, WA",2035,2304.0,149.0,29.0,5.0,6,253.0,167.0,0.0,,0.0,149.0,0.0,18.0,0.0,0.0
5/18/2019 12:00:00 AM,19805,1471,SEA,"Seattle, WA",MIA,"Miami, FL",2030,2027.0,-3.0,29.0,8.0,522,525.0,3.0,0.0,,0.0,,,,,
5/19/2019 12:00:00 AM,19805,1471,SEA,"Seattle, WA",MIA,"Miami, FL",2030,2023.0,-7.0,15.0,8.0,522,500.0,-22.0,0.0,,0.0,,,,,
5/19/2019 12:00:00 AM,19805,305,MIA,"Miami, FL",SEA,"Seattle, WA",2035,2036.0,1.0,18.0,13.0,6,2355.0,-11.0,0.0,,0.0,,,,,
5/20/2019 12:00:00 AM,19805,305,MIA,"Miami, FL",SEA,"Seattle, WA",2035,2033.0,-2.0,11.0,7.0,6,2335.0,-31.0,0.0,,0.0,,,,,
5/20/2019 12:00:00 AM,19805,1471,SEA,"Seattle, WA",MIA,"Miami, FL",2030,2119.0,49.0,27.0,5.0,522,634.0,72.0,0.0,,0.0,4.0,0.0,23.0,0.0,45.0
5/21/2019 12:00:00 AM,19805,1471,SEA,"Seattle, WA",MIA,"Miami, FL",2030,2029.0,-1.0,10.0,7.0,522,517.0,-5.0,0.0,,0.0,,,,,
5/21/2019 12:00:00 AM,19805,305,MIA,"Miami, FL",SEA,"Seattle, WA",2035,2034.0,-1.0,24.0,11.0,6,3.0,-3.0,0.0,,0.0,,,,,
5/22/2019 12:00:00 AM,19805,305,MIA,"Miami, FL",SEA,"Seattle, WA",2035,2028.0,-7.0,15.0,22.0,6,2348.0,-18.0,0.0,,0.0,,,,,
5/22/2019 12:00:00 AM,19805,1471,SEA,"Seattle, WA",MIA,"Miami, FL",2030,2030.0,0.0,21.0,4.0,522,526.0,4.0,0.0,,0.0,,,,,
5/23/2019 12:00:00 AM,19805,1471,SEA,"Seattle, WA",MIA,"Miami, FL",2030,2033.0,3.0,12.0,6.0,522,528.0,6.0,0.0,,0.0,,,,,
5/23/2019 12:00:00 AM,19805,305,MIA,"Miami, FL",SEA,"Seattle, WA",2035,2037.0,2.0,27.0,15.0,6,25.0,19.0,0.0,,0.0,2.0,0.0,17.0,0.0,0.0
5/24/2019 12:00:00 AM,19805,305,MIA,"Miami, FL",SEA,"Seattle, WA",2035,2029.0,-6.0,15.0,30.0,6,8.0,2.0,0.0,,0.0,,,,,
5/24/2019 12:00:00 AM,19805,1471,SEA,"Seattle, WA",MIA,"Miami, FL",2030,2028.0,-2.0,16.0,7.0,522,519.0,-3.0,0.0,,0.0,,,,,
5/25/2019 12:00:00 AM,19805,1471,SEA,"Seattle, WA",MIA,"Miami, FL",2030,2023.0,-7.0,29.0,4.0,522,527.0,5.0,0.0,,0.0,,,,,
5/25/2019 12:00:00 AM,19805,305,MIA,"Miami, FL",SEA,"Seattle, WA",2035,2032.0,-3.0,13.0,24.0,6,12.0,6.0,0.0,,0.0,,,,,
5/26/2019 12:00:00 AM,19805,305,MIA,"Miami, FL",SEA,"Seattle, WA",2035,2030.0,-5.0,19.0,34.0,6,14.0,8.0,0.0,,0.0,,,,,
5/26/2019 12:00:00 AM,19805,1471,SEA,"Seattle, WA",MIA,"Miami, FL",2030,2022.0,-8.0,15.0,3.0,522,510.0,-12.0,0.0,,0.0,,,,,
5/27/2019 12:00:00 AM,19805,1471,SEA,"Seattle, WA",MIA,"Miami, FL",2030,2024.0,-6.0,15.0,6.0,522,512.0,-10.0,0.0,,0.0,,,,,
5/27/2019 12:00:00 AM,19805,305,MIA,"Miami, FL",SEA,"Seattle, WA",2035,2030.0,-5.0,13.0,22.0,6,2356.0,-10.0,0.0,,0.0,,,,,
5/28/2019 12:00:00 AM,19805,305,MIA,"Miami, FL",SEA,"Seattle, WA",2035,2032.0,-3.0,14.0,10.0,6,2353.0,-13.0,0.0,,0.0,,,,,
5/28/2019 12:00:00 AM,19805,1471,SEA,"Seattle, WA",MIA,"Miami, FL",2030,2024.0,-6.0,14.0,9.0,522,506.0,-16.0,0.0,,0.0,,,,,
5/29/2019 12:00:00 AM,19805,1471,SEA,"Seattle, WA",MIA,"Miami, FL",2030,2037.0,7.0,16.0,7.0,522,530.0,8.0,0.0,,0.0,,,,,
5/29/2019 12:00:00 AM,19805,305,MIA,"Miami, FL",SEA,"Seattle, WA",2035,2125.0,50.0,24.0,9.0,6,54.0,48.0,0.0,,0.0,48.0,0.0,0.0,0.0,0.0
5/30/2019 12:00:00 AM,19805,305,MIA,"Miami, FL",SEA,"Seattle, WA",2035,2032.0,-3.0,22.0,33.0,6,13.0,7.0,0.0,,0.0,,,,,
5/30/2019 12:00:00 AM,19805,1471,SEA,"Seattle, WA",MIA,"Miami, FL",2030,2034.0,4.0,24.0,7.0,522,512.0,-10.0,0.0,,0.0,,,,,
5/31/2019 12:00:00 AM,19805,1471,SEA,"Seattle, WA",MIA,"Miami, FL",2030,2025.0,-5.0,17.0,7.0,522,457.0,-25.0,0.0,,0.0,,,,,
5/31/2019 12:00:00 AM,19805,305,MIA,"Miami, FL",SEA,"Seattle, WA",2035,2130.0,55.0,17.0,8.0,6,58.0,52.0,0.0,,0.0,52.0,0.0,0.0,0.0,0.0
11/1/2019 12:00:00 AM,19805,305,MIA,"Miami, FL",SEA,"Seattle, WA",1935,1933.0,-2.0,14.0,51.0,2313,2342.0,29.0,0.0,,0.0,0.0,0.0,29.0,0.0,0.0
11/1/2019 12:00:00 AM,19805,1471,SEA,"Seattle, WA",MIA,"Miami, FL",2035,2028.0,-7.0,14.0,6.0,521,443.0,-38.0,0.0,,0.0,,,,,
11/2/2019 12:00:00 AM,19805,1471,SEA,"Seattle, WA",MIA,"Miami, FL",2130,2125.0,-5.0,15.0,5.0,514,430.0,-44.0,0.0,,0.0,,,,,
11/2/2019 12:00:00 AM,19805,305,MIA,"Miami, FL",SEA,"Seattle, WA",1935,1931.0,-4.0,17.0,11.0,2313,2308.0,-5.0,0.0,,0.0,,,,,
11/3/2019 12:00:00 AM,19805,305,MIA,"Miami, FL",SEA,"Seattle, WA",1935,1933.0,-2.0,23.0,8.0,2323,2310.0,-13.0,0.0,,0.0,,,,,
11/3/2019 12:00:00 AM,19805,1471,SEA,"Seattle, WA",MIA,"Miami, FL",2030,2026.0,-4.0,19.0,6.0,509,452.0,-17.0,0.0,,0.0,,,,,
11/4/2019 12:00:00 AM,19805,1471,SEA,"Seattle, WA",MIA,"Miami, FL",2030,2021.0,-9.0,16.0,6.0,509,434.0,-35.0,0.0,,0.0,,,,,
11/4/2019 12:00:00 AM,19805,305,MIA,"Miami, FL",SEA,"Seattle, WA",1935,1927.0,-8.0,22.0,9.0,2323,2308.0,-15.0,0.0,,0.0,,,,,
11/5/2019 12:00:00 AM,19805,305,MIA,"Miami, FL",SEA,"Seattle, WA",1935,1931.0,-4.0,16.0,11.0,2323,2326.0,3.0,0.0,,0.0,,,,,
11/5/2019 12:00:00 AM,19805,1471,SEA,"Seattle, WA",MIA,"Miami, FL",2030,2026.0,-4.0,15.0,7.0,509,458.0,-11.0,0.0,,0.0,,,,,
11/6/2019 12:00:00 AM,19805,1471,SEA,"Seattle, WA",MIA,"Miami, FL",2030,2022.0,-8.0,18.0,4.0,509,459.0,-10.0,0.0,,0.0,,,,,
11/6/2019 12:00:00 AM,19805,305,MIA,"Miami, FL",SEA,"Seattle, WA",1935,1930.0,-5.0,18.0,11.0,2323,2331.0,8.0,0.0,,0.0,,,,,
11/7/2019 12:00:00 AM,19805,305,MIA,"Miami, FL",SEA,"Seattle, WA",1935,1934.0,-1.0,14.0,9.0,2323,2318.0,-5.0,0.0,,0.0,,,,,
11/7/2019 12:00:00 AM,19805,1471,SEA,"Seattle, WA",MIA,"Miami, FL",2030,2040.0,10.0,18.0,3.0,509,500.0,-9.0,0.0,,0.0,,,,,
11/8/2019 12:00:00 AM,19805,1471,SEA,"Seattle, WA",MIA,"Miami, FL",2030,2025.0,-5.0,18.0,7.0,509,445.0,-24.0,0.0,,0.0,,,,,
11/8/2019 12:00:00 AM,19805,305,MIA,"Miami, FL",SEA,"Seattle, WA",1935,1933.0,-2.0,22.0,10.0,2323,2309.0,-14.0,0.0,,0.0,,,,,
11/9/2019 12:00:00 AM,19805,305,MIA,"Miami, FL",SEA,"Seattle, WA",1935,1933.0,-2.0,18.0,10.0,2323,2307.0,-16.0,0.0,,0.0,,,,,
11/9/2019 12:00:00 AM,19805,1471,SEA,"Seattle, WA",MIA,"Miami, FL",2030,2023.0,-7.0,19.0,9.0,509,447.0,-22.0,0.0,,0.0,,,,,
11/10/2019 12:00:00 AM,19805,1471,SEA,"Seattle, WA",MIA,"Miami, FL",2030,52.0,262.0,21.0,15.0,509,929.0,260.0,0.0,,0.0,7.0,0.0,0.0,0.0,253.0
11/10/2019 12:00:00 AM,19805,305,MIA,"Miami, FL",SEA,"Seattle, WA",1935,1953.0,18.0,18.0,10.0,2323,2345.0,22.0,0.0,,0.0,8.0,0.0,4.0,0.0,10.0
11/11/2019 12:00:00 AM,19805,305,MIA,"Miami, FL",SEA,"Seattle, WA",1935,2011.0,36.0,14.0,13.0,2323,2342.0,19.0,0.0,,0.0,19.0,0.0,0.0,0.0,0.0
11/11/2019 12:00:00 AM,19805,1471,SEA,"Seattle, WA",MIA,"Miami, FL",2030,2103.0,33.0,15.0,3.0,509,519.0,10.0,0.0,,0.0,,,,,
11/12/2019 12:00:00 AM,19805,1471,SEA,"Seattle, WA",MIA,"Miami, FL",2030,2102.0,32.0,16.0,6.0,509,522.0,13.0,0.0,,0.0,,,,,
11/12/2019 12:00:00 AM,19805,305,MIA,"Miami, FL",SEA,"Seattle, WA",1935,1954.0,19.0,24.0,10.0,2323,2348.0,25.0,0.0,,0.0,19.0,0.0,6.0,0.0,0.0
11/13/2019 12:00:00 AM,19805,305,MIA,"Miami, FL",SEA,"Seattle, WA",1935,1951.0,16.0,22.0,9.0,2323,2329.0,6.0,0.0,,0.0,,,,,
11/13/2019 12:00:00 AM,19805,1471,SEA,"Seattle, WA",MIA,"Miami, FL",2030,2027.0,-3.0,19.0,7.0,509,450.0,-19.0,0.0,,0.0,,,,,
11/14/2019 12:00:00 AM,19805,1471,SEA,"Seattle, WA",MIA,"Miami, FL",2030,2045.0,15.0,15.0,6.0,509,517.0,8.0,0.0,,0.0,,,,,
11/14/2019 12:00:00 AM,19805,305,MIA,"Miami, FL",SEA,"Seattle, WA",1935,1935.0,0.0,20.0,13.0,2323,2312.0,-11.0,0.0,,0.0,,,,,
11/15/2019 12:00:00 AM,19805,305,MIA,"Miami, FL",SEA,"Seattle, WA",1935,1939.0,4.0,15.0,8.0,2323,2315.0,-8.0,0.0,,0.0,,,,,
11/15/2019 12:00:00 AM,19805,1471,SEA,"Seattle, WA",MIA,"Miami, FL",2030,2029.0,-1.0,20.0,6.0,509,501.0,-8.0,0.0,,0.0,,,,,
11/16/2019 12:00:00 AM,19805,1471,SEA,"Seattle, WA",MIA,"Miami, FL",2030,2028.0,-2.0,19.0,5.0,509,445.0,-24.0,0.0,,0.0,,,,,
11/16/2019 12:00:00 AM,19805,305,MIA,"Miami, FL",SEA,"Seattle, WA",1935,1929.0,-6.0,24.0,9.0,2323,2315.0,-8.0,0.0,,0.0,,,,,
11/17/2019 12:00:00 AM,19805,305,MIA,"Miami, FL",SEA,"Seattle, WA",1935,1929.0,-6.0,13.0,9.0,2323,2317.0,-6.0,0.0,,0.0,,,,,
11/17/2019 12:00:00 AM,19805,1471,SEA,"Seattle, WA",MIA,"Miami, FL",2030,2022.0,-8.0,20.0,6.0,509,440.0,-29.0,0.0,,0.0,,,,,
11/18/2019 12:00:00 AM,19805,1471,SEA,"Seattle, WA",MIA,"Miami, FL",2030,2012.0,-18.0,14.0,5.0,509,415.0,-54.0,0.0,,0.0,,,,,
11/18/2019 12:00:00 AM,19805,305,MIA,"Miami, FL",SEA,"Seattle, WA",1935,1933.0,-2.0,10.0,23.0,2323,2333.0,10.0,0.0,,0.0,,,,,
11/19/2019 12:00:00 AM,19805,305,MIA,"Miami, FL",SEA,"Seattle, WA",1935,1927.0,-8.0,16.0,10.0,2323,2255.0,-28.0,0.0,,0.0,,,,,
11/19/2019 12:00:00 AM,19805,1471,SEA,"Seattle, WA",MIA,"Miami, FL",2030,2027.0,-3.0,18.0,7.0,509,455.0,-14.0,0.0,,0.0,,,,,
11/20/2019 12:00:00 AM,19805,1471,SEA,"Seattle, WA",MIA,"Miami, FL",2030,2032.0,2.0,16.0,5.0,509,459.0,-10.0,0.0,,0.0,,,,,
11/20/2019 12:00:00 AM,19805,305,MIA,"Miami, FL",SEA,"Seattle, WA",1935,1929.0,-6.0,13.0,14.0,2323,2244.0,-39.0,0.0,,0.0,,,,,
11/21/2019 12:00:00 AM,19805,305,MIA,"Miami, FL",SEA,"Seattle, WA",1900,1857.0,-3.0,15.0,15.0,2243,2224.0,-19.0,0.0,,0.0,,,,,
11/21/2019 12:00:00 AM,19805,1471,SEA,"Seattle, WA",MIA,"Miami, FL",2030,2026.0,-4.0,18.0,25.0,509,525.0,16.0,0.0,,0.0,0.0,0.0,16.0,0.0,0.0
11/22/2019 12:00:00 AM,19805,1471,SEA,"Seattle, WA",MIA,"Miami, FL",2030,2028.0,-2.0,16.0,5.0,509,456.0,-13.0,0.0,,0.0,,,,,
11/22/2019 12:00:00 AM,19805,305,MIA,"Miami, FL",SEA,"Seattle, WA",1900,1853.0,-7.0,11.0,13.0,2243,2220.0,-23.0,0.0,,0.0,,,,,
11/23/2019 12:00:00 AM,19805,305,MIA,"Miami, FL",SEA,"Seattle, WA",1900,1902.0,2.0,19.0,10.0,2243,2247.0,4.0,0.0,,0.0,,,,,
11/23/2019 12:00:00 AM,19805,1471,SEA,"Seattle, WA",MIA,"Miami, FL",2030,2035.0,5.0,16.0,9.0,509,459.0,-10.0,0.0,,0.0,,,,,
11/24/2019 12:00:00 AM,19805,1471,SEA,"Seattle, WA",MIA,"Miami, FL",2030,2029.0,-1.0,15.0,5.0,509,442.0,-27.0,0.0,,0.0,,,,,
11/24/2019 12:00:00 AM,19805,305,MIA,"Miami, FL",SEA,"Seattle, WA",1900,1912.0,12.0,14.0,11.0,2243,2255.0,12.0,0.0,,0.0,,,,,
11/25/2019 12:00:00 AM,19805,305,MIA,"Miami, FL",SEA,"Seattle, WA",1900,1859.0,-1.0,25.0,10.0,2243,2241.0,-2.0,0.0,,0.0,,,,,
11/25/2019 12:00:00 AM,19805,1471,SEA,"Seattle, WA",MIA,"Miami, FL",2030,2027.0,-3.0,16.0,7.0,509,446.0,-23.0,0.0,,0.0,,,,,
11/26/2019 12:00:00 AM,19805,1471,SEA,"Seattle, WA",MIA,"Miami, FL",2030,2048.0,18.0,13.0,7.0,509,510.0,1.0,0.0,,0.0,,,,,
11/26/2019 12:00:00 AM,19805,305,MIA,"Miami, FL",SEA,"Seattle, WA",1900,1854.0,-6.0,15.0,9.0,2243,2224.0,-19.0,0.0,,0.0,,,,,
11/27/2019 12:00:00 AM,19805,305,MIA,"Miami, FL",SEA,"Seattle, WA",1900,1852.0,-8.0,19.0,9.0,2243,2219.0,-24.0,0.0,,0.0,,,,,
11/27/2019 12:00:00 AM,19805,1471,SEA,"Seattle, WA",MIA,"Miami, FL",2230,2232.0,2.0,15.0,7.0,705,713.0,8.0,0.0,,0.0,,,,,
11/28/2019 12:00:00 AM,19805,1471,SEA,"Seattle, WA",MIA,"Miami, FL",2343,2339.0,-4.0,12.0,5.0,820,808.0,-12.0,0.0,,0.0,,,,,
11/28/2019 12:00:00 AM,19805,305,MIA,"Miami, FL",SEA,"Seattle, WA",1900,1855.0,-5.0,17.0,9.0,2243,2204.0,-39.0,0.0,,0.0,,,,,
11/29/2019 12:00:00 AM,19805,305,MIA,"Miami, FL",SEA,"Seattle, WA",1900,1851.0,-9.0,14.0,43.0,2243,2227.0,-16.0,0.0,,0.0,,,,,
11/29/2019 12:00:00 AM,19805,1471,SEA,"Seattle, WA",MIA,"Miami, FL",2030,2030.0,0.0,14.0,3.0,509,506.0,-3.0,0.0,,0.0,,,,,
11/30/2019 12:00:00 AM,19805,1471,SEA,"Seattle, WA",MIA,"Miami, FL",2030,2041.0,11.0,17.0,3.0,509,453.0,-16.0,0.0,,0.0,,,,,
11/30/2019 12:00:00 AM,19805,305,MIA,"Miami, FL",SEA,"Seattle, WA",1900,1853.0,-7.0,21.0,9.0,2243,2256.0,13.0,0.0,,0.0,,,,,
10/3/2019 12:00:00 AM,19805,305,MIA,"Miami, FL",SEA,"Seattle, WA",1935,1928.0,-7.0,24.0,9.0,2313,2252.0,-21.0,0.0,,0.0,,,,,
10/3/2019 12:00:00 AM,19805,1471,SEA,"Seattle, WA",MIA,"Miami, FL",2035,2034.0,-1.0,12.0,3.0,521,506.0,-15.0,0.0,,0.0,,,,,
10/4/2019 12:00:00 AM,19805,305,MIA,"Miami, FL",SEA,"Seattle, WA",1935,1936.0,1.0,17.0,10.0,2313,2311.0,-2.0,0.0,,0.0,,,,,
10/4/2019 12:00:00 AM,19805,1471,SEA,"Seattle, WA",MIA,"Miami, FL",2035,2238.0,123.0,14.0,7.0,521,658.0,97.0,0.0,,0.0,0.0,0.0,0.0,0.0,97.0
10/5/2019 12:00:00 AM,19805,305,MIA,"Miami, FL",SEA,"Seattle, WA",1935,1928.0,-7.0,12.0,10.0,2313,2253.0,-20.0,0.0,,0.0,,,,,
10/5/2019 12:00:00 AM,19805,1471,SEA,"Seattle, WA",MIA,"Miami, FL",2035,2038.0,3.0,22.0,4.0,521,514.0,-7.0,0.0,,0.0,,,,,
10/6/2019 12:00:00 AM,19805,305,MIA,"Miami, FL",SEA,"Seattle, WA",1935,1952.0,17.0,20.0,12.0,2313,2325.0,12.0,0.0,,0.0,,,,,
10/6/2019 12:00:00 AM,19805,1471,SEA,"Seattle, WA",MIA,"Miami, FL",2035,2101.0,26.0,12.0,4.0,521,519.0,-2.0,0.0,,0.0,,,,,
10/7/2019 12:00:00 AM,19805,305,MIA,"Miami, FL",SEA,"Seattle, WA",1935,1952.0,17.0,17.0,9.0,2313,2323.0,10.0,0.0,,0.0,,,,,
10/7/2019 12:00:00 AM,19805,1471,SEA,"Seattle, WA",MIA,"Miami, FL",2035,2021.0,-14.0,24.0,6.0,521,455.0,-26.0,0.0,,0.0,,,,,
10/8/2019 12:00:00 AM,19805,305,MIA,"Miami, FL",SEA,"Seattle, WA",1935,1931.0,-4.0,19.0,10.0,2313,2252.0,-21.0,0.0,,0.0,,,,,
10/8/2019 12:00:00 AM,19805,1471,SEA,"Seattle, WA",MIA,"Miami, FL",2035,2027.0,-8.0,17.0,8.0,521,507.0,-14.0,0.0,,0.0,,,,,
10/9/2019 12:00:00 AM,19805,305,MIA,"Miami, FL",SEA,"Seattle, WA",1935,1927.0,-8.0,24.0,9.0,2313,2259.0,-14.0,0.0,,0.0,,,,,
10/9/2019 12:00:00 AM,19805,1471,SEA,"Seattle, WA",MIA,"Miami, FL",2035,2104.0,29.0,13.0,7.0,521,539.0,18.0,0.0,,0.0,4.0,0.0,0.0,0.0,14.0
10/10/2019 12:00:00 AM,19805,305,MIA,"Miami, FL",SEA,"Seattle, WA",1935,1928.0,-7.0,18.0,34.0,2313,2330.0,17.0,0.0,,0.0,0.0,0.0,17.0,0.0,0.0
10/10/2019 12:00:00 AM,19805,1471,SEA,"Seattle, WA",MIA,"Miami, FL",2035,2029.0,-6.0,24.0,3.0,521,526.0,5.0,0.0,,0.0,,,,,
10/11/2019 12:00:00 AM,19805,305,MIA,"Miami, FL",SEA,"Seattle, WA",1935,1949.0,14.0,18.0,10.0,2313,2324.0,11.0,0.0,,0.0,,,,,
10/11/2019 12:00:00 AM,19805,1471,SEA,"Seattle, WA",MIA,"Miami, FL",2035,2102.0,27.0,15.0,7.0,521,527.0,6.0,0.0,,0.0,,,,,
10/12/2019 12:00:00 AM,19805,305,MIA,"Miami, FL",SEA,"Seattle, WA",1935,1954.0,19.0,17.0,8.0,2313,2315.0,2.0,0.0,,0.0,,,,,
10/12/2019 12:00:00 AM,19805,1471,SEA,"Seattle, WA",MIA,"Miami, FL",2035,2035.0,0.0,20.0,3.0,521,458.0,-23.0,0.0,,0.0,,,,,
10/13/2019 12:00:00 AM,19805,305,MIA,"Miami, FL",SEA,"Seattle, WA",1935,1950.0,15.0,18.0,9.0,2313,2323.0,10.0,0.0,,0.0,,,,,
10/13/2019 12:00:00 AM,19805,1471,SEA,"Seattle, WA",MIA,"Miami, FL",2035,2026.0,-9.0,16.0,4.0,521,450.0,-31.0,0.0,,0.0,,,,,
10/14/2019 12:00:00 AM,19805,305,MIA,"Miami, FL",SEA,"Seattle, WA",1935,1931.0,-4.0,18.0,12.0,2313,2256.0,-17.0,0.0,,0.0,,,,,
10/14/2019 12:00:00 AM,19805,1471,SEA,"Seattle, WA",MIA,"Miami, FL",2035,2030.0,-5.0,19.0,8.0,521,500.0,-21.0,0.0,,0.0,,,,,
10/15/2019 12:00:00 AM,19805,305,MIA,"Miami, FL",SEA,"Seattle, WA",1935,1931.0,-4.0,12.0,8.0,2313,2254.0,-19.0,0.0,,0.0,,,,,
10/15/2019 12:00:00 AM,19805,1471,SEA,"Seattle, WA",MIA,"Miami, FL",2035,2026.0,-9.0,17.0,7.0,521,501.0,-20.0,0.0,,0.0,,,,,
10/16/2019 12:00:00 AM,19805,305,MIA,"Miami, FL",SEA,"Seattle, WA",1935,2356.0,261.0,18.0,10.0,2313,313.0,240.0,0.0,,0.0,240.0,0.0,0.0,0.0,0.0
10/16/2019 12:00:00 AM,19805,1471,SEA,"Seattle, WA",MIA,"Miami, FL",2035,2032.0,-3.0,14.0,5.0,521,455.0,-26.0,0.0,,0.0,,,,,
10/17/2019 12:00:00 AM,19805,305,MIA,"Miami, FL",SEA,"Seattle, WA",1935,1938.0,3.0,14.0,9.0,2313,2302.0,-11.0,0.0,,0.0,,,,,
10/17/2019 12:00:00 AM,19805,1471,SEA,"Seattle, WA",MIA,"Miami, FL",2035,2028.0,-7.0,15.0,14.0,521,513.0,-8.0,0.0,,0.0,,,,,
10/18/2019 12:00:00 AM,19805,305,MIA,"Miami, FL",SEA,"Seattle, WA",1935,1928.0,-7.0,12.0,12.0,2313,2246.0,-27.0,0.0,,0.0,,,,,
10/18/2019 12:00:00 AM,19805,1471,SEA,"Seattle, WA",MIA,"Miami, FL",2035,2058.0,23.0,17.0,5.0,521,536.0,15.0,0.0,,0.0,6.0,0.0,0.0,0.0,9.0
10/19/2019 12:00:00 AM,19805,305,MIA,"Miami, FL",SEA,"Seattle, WA",1935,1927.0,-8.0,11.0,43.0,2313,2318.0,5.0,0.0,,0.0,,,,,
10/19/2019 12:00:00 AM,19805,1471,SEA,"Seattle, WA",MIA,"Miami, FL",2035,2034.0,-1.0,15.0,5.0,521,454.0,-27.0,0.0,,0.0,,,,,
10/20/2019 12:00:00 AM,19805,305,MIA,"Miami, FL",SEA,"Seattle, WA",1935,1937.0,2.0,17.0,18.0,2313,2309.0,-4.0,0.0,,0.0,,,,,
10/20/2019 12:00:00 AM,19805,1471,SEA,"Seattle, WA",MIA,"Miami, FL",2035,2105.0,30.0,19.0,5.0,521,543.0,22.0,0.0,,0.0,0.0,0.0,0.0,0.0,22.0
10/21/2019 12:00:00 AM,19805,305,MIA,"Miami, FL",SEA,"Seattle, WA",1935,1933.0,-2.0,10.0,13.0,2313,2313.0,0.0,0.0,,0.0,,,,,
10/21/2019 12:00:00 AM,19805,1471,SEA,"Seattle, WA",MIA,"Miami, FL",2035,2042.0,7.0,13.0,7.0,521,456.0,-25.0,0.0,,0.0,,,,,
10/22/2019 12:00:00 AM,19805,305,MIA,"Miami, FL",SEA,"Seattle, WA",1935,1930.0,-5.0,13.0,8.0,2313,2302.0,-11.0,0.0,,0.0,,,,,
10/22/2019 12:00:00 AM,19805,1471,SEA,"Seattle, WA",MIA,"Miami, FL",2035,2035.0,0.0,20.0,6.0,521,503.0,-18.0,0.0,,0.0,,,,,
10/23/2019 12:00:00 AM,19805,305,MIA,"Miami, FL",SEA,"Seattle, WA",1935,1922.0,-13.0,14.0,11.0,2313,2248.0,-25.0,0.0,,0.0,,,,,
10/23/2019 12:00:00 AM,19805,1471,SEA,"Seattle, WA",MIA,"Miami, FL",2035,2038.0,3.0,25.0,4.0,521,513.0,-8.0,0.0,,0.0,,,,,
10/24/2019 12:00:00 AM,19805,305,MIA,"Miami, FL",SEA,"Seattle, WA",1935,2012.0,37.0,15.0,10.0,2313,2341.0,28.0,0.0,,0.0,28.0,0.0,0.0,0.0,0.0
10/24/2019 12:00:00 AM,19805,1471,SEA,"Seattle, WA",MIA,"Miami, FL",2035,2124.0,49.0,18.0,6.0,521,602.0,41.0,0.0,,0.0,7.0,0.0,0.0,0.0,34.0
10/25/2019 12:00:00 AM,19805,305,MIA,"Miami, FL",SEA,"Seattle, WA",1935,1929.0,-6.0,17.0,9.0,2313,2308.0,-5.0,0.0,,0.0,,,,,
10/25/2019 12:00:00 AM,19805,1471,SEA,"Seattle, WA",MIA,"Miami, FL",2035,2400.0,205.0,13.0,10.0,521,835.0,194.0,0.0,,0.0,0.0,0.0,0.0,0.0,194.0
10/26/2019 12:00:00 AM,19805,305,MIA,"Miami, FL",SEA,"Seattle, WA",1935,1928.0,-7.0,12.0,18.0,2313,2256.0,-17.0,0.0,,0.0,,,,,
10/26/2019 12:00:00 AM,19805,1471,SEA,"Seattle, WA",MIA,"Miami, FL",2035,2028.0,-7.0,15.0,5.0,521,452.0,-29.0,0.0,,0.0,,,,,
10/27/2019 12:00:00 AM,19805,305,MIA,"Miami, FL",SEA,"Seattle, WA",1935,1936.0,1.0,21.0,8.0,2313,2305.0,-8.0,0.0,,0.0,,,,,
10/27/2019 12:00:00 AM,19805,1471,SEA,"Seattle, WA",MIA,"Miami, FL",2035,2027.0,-8.0,13.0,5.0,521,453.0,-28.0,0.0,,0.0,,,,,
10/28/2019 12:00:00 AM,19805,305,MIA,"Miami, FL",SEA,"Seattle, WA",1935,1929.0,-6.0,14.0,8.0,2313,2247.0,-26.0,0.0,,0.0,,,,,
10/28/2019 12:00:00 AM,19805,1471,SEA,"Seattle, WA",MIA,"Miami, FL",2035,2023.0,-12.0,14.0,11.0,521,501.0,-20.0,0.0,,0.0,,,,,
10/29/2019 12:00:00 AM,19805,305,MIA,"Miami, FL",SEA,"Seattle, WA",1935,1928.0,-7.0,16.0,15.0,2313,2255.0,-18.0,0.0,,0.0,,,,,
10/29/2019 12:00:00 AM,19805,1471,SEA,"Seattle, WA",MIA,"Miami, FL",2035,2024.0,-11.0,20.0,7.0,521,515.0,-6.0,0.0,,0.0,,,,,
10/30/2019 12:00:00 AM,19805,305,MIA,"Miami, FL",SEA,"Seattle, WA",1935,1936.0,1.0,14.0,9.0,2313,2251.0,-22.0,0.0,,0.0,,,,,
10/30/2019 12:00:00 AM,19805,1471,SEA,"Seattle, WA",MIA,"Miami, FL",2035,2126.0,51.0,17.0,8.0,521,617.0,56.0,0.0,,0.0,10.0,0.0,5.0,0.0,41.0
10/31/2019 12:00:00 AM,19805,305,MIA,"Miami, FL",SEA,"Seattle, WA",1935,1930.0,-5.0,12.0,7.0,2313,2302.0,-11.0,0.0,,0.0,,,,,
10/31/2019 12:00:00 AM,19805,1471,SEA,"Seattle, WA",MIA,"Miami, FL",2035,2051.0,16.0,14.0,4.0,521,459.0,-22.0,0.0,,0.0,,,,,
9/1/2019 12:00:00 AM,19805,305,MIA,"Miami, FL",SEA,"Seattle, WA",2034,2031.0,-3.0,27.0,35.0,2358,10.0,12.0,0.0,,0.0,,,,,
9/1/2019 12:00:00 AM,19805,1471,SEA,"Seattle, WA",MIA,"Miami, FL",2030,2024.0,-6.0,17.0,10.0,523,503.0,-20.0,0.0,,0.0,,,,,
9/2/2019 12:00:00 AM,19805,1471,SEA,"Seattle, WA",MIA,"Miami, FL",2030,2017.0,-13.0,14.0,8.0,523,445.0,-38.0,0.0,,0.0,,,,,
9/2/2019 12:00:00 AM,19805,305,MIA,"Miami, FL",SEA,"Seattle, WA",2034,2037.0,3.0,13.0,43.0,2358,10.0,12.0,0.0,,0.0,,,,,
9/3/2019 12:00:00 AM,19805,848,MIA,"Miami, FL",SEA,"Seattle, WA",1830,1824.0,-6.0,14.0,30.0,2206,2206.0,0.0,0.0,,0.0,,,,,
9/3/2019 12:00:00 AM,19805,1471,SEA,"Seattle, WA",MIA,"Miami, FL",2030,2026.0,-4.0,18.0,7.0,523,459.0,-24.0,0.0,,0.0,,,,,
9/3/2019 12:00:00 AM,19805,305,MIA,"Miami, FL",SEA,"Seattle, WA",2034,2048.0,14.0,19.0,9.0,2358,7.0,9.0,0.0,,0.0,,,,,
9/5/2019 12:00:00 AM,19805,1471,SEA,"Seattle, WA",MIA,"Miami, FL",2030,2049.0,19.0,16.0,12.0,518,532.0,14.0,0.0,,0.0,,,,,
9/5/2019 12:00:00 AM,19805,305,MIA,"Miami, FL",SEA,"Seattle, WA",1935,1942.0,7.0,31.0,7.0,2311,2305.0,-6.0,0.0,,0.0,,,,,
9/6/2019 12:00:00 AM,19805,305,MIA,"Miami, FL",SEA,"Seattle, WA",1935,1930.0,-5.0,11.0,28.0,2311,2251.0,-20.0,0.0,,0.0,,,,,
9/6/2019 12:00:00 AM,19805,1471,SEA,"Seattle, WA",MIA,"Miami, FL",2030,2025.0,-5.0,16.0,5.0,518,508.0,-10.0,0.0,,0.0,,,,,
9/7/2019 12:00:00 AM,19805,1471,SEA,"Seattle, WA",MIA,"Miami, FL",2030,2233.0,123.0,20.0,5.0,518,739.0,141.0,0.0,,0.0,0.0,123.0,18.0,0.0,0.0
9/7/2019 12:00:00 AM,19805,305,MIA,"Miami, FL",SEA,"Seattle, WA",1935,1933.0,-2.0,25.0,42.0,2311,2321.0,10.0,0.0,,0.0,,,,,
9/8/2019 12:00:00 AM,19805,305,MIA,"Miami, FL",SEA,"Seattle, WA",1935,1934.0,-1.0,18.0,7.0,2311,329.0,,0.0,,1.0,,,,,
9/8/2019 12:00:00 AM,19805,1471,SEA,"Seattle, WA",MIA,"Miami, FL",2030,2027.0,-3.0,15.0,4.0,518,514.0,-4.0,0.0,,0.0,,,,,
9/9/2019 12:00:00 AM,19805,1471,SEA,"Seattle, WA",MIA,"Miami, FL",2030,2030.0,0.0,15.0,7.0,518,513.0,-5.0,0.0,,0.0,,,,,
9/9/2019 12:00:00 AM,19805,305,MIA,"Miami, FL",SEA,"Seattle, WA",1935,1930.0,-5.0,43.0,11.0,2311,2308.0,-3.0,0.0,,0.0,,,,,
9/12/2019 12:00:00 AM,19805,305,MIA,"Miami, FL",SEA,"Seattle, WA",1935,1931.0,-4.0,27.0,29.0,2311,2320.0,9.0,0.0,,0.0,,,,,
9/12/2019 12:00:00 AM,19805,1471,SEA,"Seattle, WA",MIA,"Miami, FL",2030,1242.0,972.0,16.0,4.0,518,2110.0,952.0,0.0,,0.0,30.0,0.0,0.0,0.0,922.0
9/13/2019 12:00:00 AM,19805,1471,SEA,"Seattle, WA",MIA,"Miami, FL",2030,2030.0,0.0,17.0,4.0,518,455.0,-23.0,0.0,,0.0,,,,,
9/13/2019 12:00:00 AM,19805,305,MIA,"Miami, FL",SEA,"Seattle, WA",1935,1931.0,-4.0,11.0,50.0,2311,2325.0,14.0,0.0,,0.0,,,,,
9/14/2019 12:00:00 AM,19805,305,MIA,"Miami, FL",SEA,"Seattle, WA",1935,1931.0,-4.0,13.0,24.0,2311,2248.0,-23.0,0.0,,0.0,,,,,
9/14/2019 12:00:00 AM,19805,1471,SEA,"Seattle, WA",MIA,"Miami, FL",2030,2049.0,19.0,17.0,5.0,518,524.0,6.0,0.0,,0.0,,,,,
9/15/2019 12:00:00 AM,19805,1471,SEA,"Seattle, WA",MIA,"Miami, FL",2030,2023.0,-7.0,15.0,5.0,518,503.0,-15.0,0.0,,0.0,,,,,
9/15/2019 12:00:00 AM,19805,305,MIA,"Miami, FL",SEA,"Seattle, WA",1935,1935.0,0.0,21.0,26.0,2311,2258.0,-13.0,0.0,,0.0,,,,,
9/16/2019 12:00:00 AM,19805,305,MIA,"Miami, FL",SEA,"Seattle, WA",1935,1946.0,11.0,28.0,10.0,2311,2301.0,-10.0,0.0,,0.0,,,,,
9/16/2019 12:00:00 AM,19805,1471,SEA,"Seattle, WA",MIA,"Miami, FL",2030,2039.0,9.0,12.0,6.0,518,517.0,-1.0,0.0,,0.0,,,,,
9/19/2019 12:00:00 AM,19805,1471,SEA,"Seattle, WA",MIA,"Miami, FL",2030,2030.0,0.0,13.0,5.0,518,506.0,-12.0,0.0,,0.0,,,,,
9/19/2019 12:00:00 AM,19805,305,MIA,"Miami, FL",SEA,"Seattle, WA",1935,1929.0,-6.0,13.0,23.0,2311,2255.0,-16.0,0.0,,0.0,,,,,
9/20/2019 12:00:00 AM,19805,305,MIA,"Miami, FL",SEA,"Seattle, WA",1935,2022.0,47.0,12.0,11.0,2311,2327.0,16.0,0.0,,0.0,16.0,0.0,0.0,0.0,0.0
9/20/2019 12:00:00 AM,19805,1471,SEA,"Seattle, WA",MIA,"Miami, FL",2030,2139.0,69.0,31.0,3.0,518,624.0,66.0,0.0,,0.0,12.0,0.0,0.0,0.0,54.0
9/21/2019 12:00:00 AM,19805,1471,SEA,"Seattle, WA",MIA,"Miami, FL",2030,2029.0,-1.0,15.0,4.0,518,503.0,-15.0,0.0,,0.0,,,,,
9/21/2019 12:00:00 AM,19805,305,MIA,"Miami, FL",SEA,"Seattle, WA",1935,1932.0,-3.0,19.0,15.0,2311,2246.0,-25.0,0.0,,0.0,,,,,
9/22/2019 12:00:00 AM,19805,305,MIA,"Miami, FL",SEA,"Seattle, WA",1935,1930.0,-5.0,23.0,4.0,2311,2244.0,-27.0,0.0,,0.0,,,,,
9/22/2019 12:00:00 AM,19805,1471,SEA,"Seattle, WA",MIA,"Miami, FL",2030,2025.0,-5.0,16.0,5.0,518,504.0,-14.0,0.0,,0.0,,,,,
9/23/2019 12:00:00 AM,19805,1471,SEA,"Seattle, WA",MIA,"Miami, FL",2030,2045.0,15.0,14.0,7.0,518,507.0,-11.0,0.0,,0.0,,,,,
9/23/2019 12:00:00 AM,19805,305,MIA,"Miami, FL",SEA,"Seattle, WA",1935,2055.0,80.0,19.0,10.0,2311,8.0,57.0,0.0,,0.0,57.0,0.0,0.0,0.0,0.0
9/26/2019 12:00:00 AM,19805,305,MIA,"Miami, FL",SEA,"Seattle, WA",1935,1930.0,-5.0,12.0,7.0,2311,2254.0,-17.0,0.0,,0.0,,,,,
9/26/2019 12:00:00 AM,19805,1471,SEA,"Seattle, WA",MIA,"Miami, FL",2030,2035.0,5.0,18.0,3.0,518,459.0,-19.0,0.0,,0.0,,,,,
9/27/2019 12:00:00 AM,19805,1471,SEA,"Seattle, WA",MIA,"Miami, FL",2030,2025.0,-5.0,22.0,4.0,518,459.0,-19.0,0.0,,0.0,,,,,
9/27/2019 12:00:00 AM,19805,305,MIA,"Miami, FL",SEA,"Seattle, WA",1935,1933.0,-2.0,11.0,41.0,2311,2314.0,3.0,0.0,,0.0,,,,,
9/28/2019 12:00:00 AM,19805,305,MIA,"Miami, FL",SEA,"Seattle, WA",1935,1927.0,-8.0,23.0,17.0,2311,2245.0,-26.0,0.0,,0.0,,,,,
9/28/2019 12:00:00 AM,19805,1471,SEA,"Seattle, WA",MIA,"Miami, FL",2030,2040.0,10.0,18.0,5.0,518,519.0,1.0,0.0,,0.0,,,,,
9/29/2019 12:00:00 AM,19805,1471,SEA,"Seattle, WA",MIA,"Miami, FL",2030,2035.0,5.0,13.0,6.0,518,506.0,-12.0,0.0,,0.0,,,,,
9/29/2019 12:00:00 AM,19805,305,MIA,"Miami, FL",SEA,"Seattle, WA",1935,1930.0,-5.0,16.0,28.0,2311,2255.0,-16.0,0.0,,0.0,,,,,
9/30/2019 12:00:00 AM,19805,1471,SEA,"Seattle, WA",MIA,"Miami, FL",2030,2027.0,-3.0,22.0,4.0,518,520.0,2.0,0.0,,0.0,,,,,
9/30/2019 12:00:00 AM,19805,305,MIA,"Miami, FL",SEA,"Seattle, WA",1935,2211.0,156.0,19.0,8.0,2311,111.0,120.0,0.0,,0.0,79.0,0.0,0.0,0.0,41.0
